distrito;id;"descripcion";"fecha_inst";utm_x;utm_y;longitud;latitud
11;565;"ANTONIO LEYVA - NAVAHONDA";"23/04/1973";439293.957512445;4471614.734837448;-3.71529289640703;40.39292170859864
8;2028;"MONASTERIO SUSO Y YUSO 49 - P.P.";"17/09/2007";441236.282377998;4484122.606092624;-3.69356570859392;40.50573742515967
20;654;"HERMANOS GARCIA NOBLEJAS - EMILIO MUÑOZ";"14/05/1975";446364.834913364;4475691.085707997;-3.63232625171218;40.43012930725801
16;4744;"GLORIETA JOSE LUIS FERNANDEZ DEL AMO";"21/05/2023";445556.378434904;4481742.15338141;-3.64237587945329;40.48458796128796
16;4749;"AV. FUERZAS ARMADAS 116 P.P.";"21/05/2023";446427.157373919;4481891.750146476;-3.63211487044915;40.48599224858878
4;138;"GOYA - LAGASCA";"21/06/1965";441858.379882007;4475185.058329817;-3.68540489374703;40.42526798995439
19;1002;"CALAHORRA - CALAHORRA";"12/04/1981";448091.534391623;4473195.69193479;-3.61176696273109;40.40775876185239
18;710;"CRA. VILLAVERDE - CNO. POZO TIO RAIMUNDO - P.P.";"20/09/1976";445193.837316012;4469002.462657132;-3.64555496523976;40.36979781614848
18;399;"PL. SIERRA GADOR - REAL ARGANDA";"25/05/1970";447249.303635351;4470090.91771521;-3.62143533590288;40.3797359735756
5;1330;"MARCENADO - SAN ERNESTO";"11/08/1992";442838.724987215;4477847.137385492;-3.67408829161618;40.44931724993089
8;1089;"MONFORTE LEMOS - PL. VERIN";"23/12/1983";439829.582130918;4481078.915589288;-3.70987825418475;40.4782179907008
8;832;"AV. CARDENAL HERRERA ORIA - PEÑA DEL OSO";"01/01/1978";440611.90978191;4482307.328952322;-3.70076424876718;40.48934031221523
8;1799;"VALLE DE MENA - JUAN ANDRES";"29/06/2004";438717.718949802;4480385.870032663;-3.72292784092023;40.47189349255497
16;1413;"AREQUIPA - C.O.E - P.P.";"30/05/1995";446235.980121244;4479963.767769946;-3.63420701663927;40.46861165227301
8;951;"AV. CARDENAL HERRERA ORIA - GINZO DE LIMIA";"25/02/1980";439875.285044306;4481886.555123165;-3.7094156895758;40.48549680735639
10;1360;"CJAL. FRANCISCO JOSE JIMENEZ M. - BERLANAS";"16/04/1993";436174.181139987;4472394.408160706;-3.75212811597332;40.39971210182181
10;1361;"CJAL. FRANCISCO JOSE JIMENEZ M. - CARBONERAS";"16/04/1993";436360.616585089;4472423.957494254;-3.74993427960488;40.39999256303354
5;1191;"AV. PIO XII - MADRE DIOS";"09/03/1990";442668.186642388;4479265.812271386;-3.67622739208431;40.46208558527875
4;170;"PPE. VERGARA - DIEGO LEON";"25/04/1966";442374.953807985;4476235.451879118;-3.67941087026957;40.43476639678683
4;267;"PPE. VERGARA - MALDONADO";"01/01/1968";442367.980447125;4476121.802869537;-3.67948277600821;40.43374210763817
4;240;"PPE. VERGARA - JUAN BRAVO";"03/08/1967";442363.292923745;4475999.047742762;-3.67952690613562;40.4326359442956
4;790;"PPE. VERGARA - PADILLA";"01/01/1978";442352.669254586;4475857.600368298;-3.67963932010169;40.43136098035038
4;868;"GOYA - FERNAN GONZALEZ";"01/01/1978";442813.679446531;4475117.179615425;-3.67413794580985;40.42472271540834
3;4724;"DR. ESQUERDO - SANTA SABINA";"23/03/2023";443058.028551444;4472973.621927793;-3.67106576324221;40.40542915947594
1;425;"SANTA CRUZ MARCENADO - CONDE DUQUE";"24/10/1970";439813.118937017;4475594.513325195;-3.70955257597481;40.42881109783426
7;4571;"FERNANDO EL CATOLICO-ANDRES MELLADO";"15/10/2019";439406.081430371;4476211.439356787;-3.71440966454079;40.43433908191253
1;415;"SAN BERNARDO - DIVINO PASTOR";"12/08/1970";440093.360562112;4475509.395396214;-3.70624098106119;40.42806454601897
1;414;"SAN BERNARDO - PALMA -DAOIZ - BOMBEROS";"11/08/1970";440049.741043051;4475348.333123293;-3.70673998772664;40.42661048248748
9;4528;"QUINTANA - JUAN ALVAREZ MENDIZABAL";"30/07/2018";439126.469728801;4475483.532139326;-3.71763636520863;40.42776136880579
9;4565;"ROMERO ROBLEDO -JUAN ALVAREZ MENDIZABAL";"05/06/2019";438825.584570336;4475916.936430783;-3.72122493490251;40.43164358393939
9;4601;"VENTURA RODRIGUEZ -FERRAZ";"12/09/2020";439357.11725548;4475018.501979824;-3.7148731145055;40.42358902003806
9;4599;"VENTURA RODRIGUEZ -MARTIN HEROS-TUTOR";"12/09/2020";439452.295544215;4475215.364954187;-3.71376995840854;40.42536937996321
8;4842;"CESAR MANRIQUE - SAMUR P.P";"07/04/2025";438867.857246058;4480748.429189018;-3.72119178340436;40.47517061525243
9;419;"AV. COMPLUTENSE - ARQUITECTO LOPEZ OTERO";"22/08/1970";438324.866375503;4477307.211339435;-3.72726272169766;40.4441307490408
9;418;"AV. COMPLUTENSE - DR. SEVERO OCHOA";"22/08/1970";438358.376026466;4477042.244983849;-3.72684190085834;40.44174631523099
9;1674;"PROFESOR ARANGUREN - C. DEPORTIVO PP";"30/03/2001";437949.204982029;4477724.243587891;-3.73173285686547;40.44785957852392
9;1671;"EDUARDO SAAVEDRA - INGENIEROS CAMINOS - P.P.";"22/03/2001";438046.170159525;4477600.966364146;-3.73057745969527;40.4467562836067
13;1763;"AV. PABLO NERUDA 106 - P.P.";"30/07/2003";444828.160117847;4470389.336048644;-3.64998201718232;40.38226753002678
11;2079;"AV. POBLADOS - ONTANILLA";"16/07/2009";438074.266430701;4469443.25810443;-3.7294522485803;40.3732702312154
1;115;"BAILEN - MAYOR";"02/03/1964";439463.719668751;4474074.680401172;-3.71352671687784;40.41509441545419
1;426;"PL. TIRSO MOLINA - COLEGIATA";"28/10/1970";440176.040771325;4473791.402246178;-3.70510472587267;40.41259401856499
11;1149;"NTRA. SRA. VALVANERA - ACEUCHAL";"16/07/1987";437417.740538489;4471428.233231996;-3.73738012687332;40.39110276186848
11;2194;"AV. DE LA PESETA - LUIS ORO P.P.";"08/09/2014";436682.112609676;4468344.38386986;-3.74574065961576;40.36326646893602
8;1800;"VALLE DE MENA - ANTONIO MACHADO";"29/06/2004";438953.456931607;4480298.457912112;-3.72013871063112;40.47112341245384
9;904;"ANTONIO MACHADO - VALDERRODRIGO";"12/02/1979";439001.184767522;4480172.949353816;-3.71956366052748;40.46999629299322
12;434;"EDUARDO BARREIROS - AV. ROSALES";"16/02/1971";440889.798083801;4468994.289003973;-3.6962475307892;40.36943009687305
12;2080;"EVANGELIOS - PORTA COELI";"14/08/2009";440458.794051588;4470512.70288006;-3.70146572753545;40.38307811410078
8;831;"AV. CARDENAL HERRERA ORIA - CTRA. COLMENAR";"01/01/1978";440820.855735856;4482387.445023632;-3.69830639517026;40.49007694955318
8;835;"ISLA DE AROSA - ISLAS CIES";"01/01/1978";439243.642822502;4481444.211769966;-3.71682553702532;40.48146604338225
8;1081;"AV. BETANZOS - FERMIN CABALLERO";"23/08/1983";439500.077177059;4481478.3887425;-3.71380351607286;40.48179264546549
11;598;"AV. OPORTO - DR. ESPINA";"28/09/1973";438077.915909032;4470975.000195961;-3.72955810224139;40.38706916668055
11;1705;"VIA - MERCEDES DOMINGO";"30/01/2002";438764.69938374;4470926.078684364;-3.72146241590396;40.38667922222967
11;1697;"VALLE ORO - ARGÜESO";"04/12/2001";438461.407643566;4470983.877665681;-3.72504105312552;40.3871775550441
11;4595;"VALLE ORO - DR. ESPINA";"22/07/2020";438158.633428156;4471073.425747259;-3.72861672672229;40.38796182575225
10;1362;"CJAL. FRANCISCO JOSE JIMENEZ M. - CASTROSERNA";"16/04/1993";436497.319903179;4472447.020483407;-3.74832578192894;40.40021076002457
10;1356;"CJAL. FRANCISCO JOSE JIMENEZ M. - ALHAMBRA";"23/12/1992";436808.686336334;4472496.509617643;-3.74466179684424;40.40068026537308
3;142;"ALFONSO XII - ESPALTER";"17/07/1965";441556.106978495;4473806.771629255;-3.68884135460041;40.41283052075654
10;1247;"BLAS CABRERA - GRAL. MILLAN ASTRAY";"13/02/1991";434925.442177367;4469987.888041743;-3.76659625797344;40.37793658788426
13;1297;"SIERRA TOLEDANA - PUERTO CANENCIA";"03/01/1992";443957.0244109;4472468.798511428;-3.66042724894818;40.40094242167654
4;271;"VELAZQUEZ - HERMOSILLA";"01/01/1968";441974.174186528;4475302.576207248;-3.68405066538325;40.42633473323525
19;1003;"PSO.  ARTILLEROS - CALAHORRA - VILLAJIMENA";"12/04/1981";448285.98492998;4473194.850443653;-3.60947532168219;40.40776328320923
19;1496;"VILLABLANCA - LOS MANANTIALES";"01/08/1997";448527.331068627;4473254.629865452;-3.6066359245747;40.40831677322868
14;1109;"ARROYO FONTARRON - PIO FELIPE";"11/11/1985";445144.069823237;4472240.612415887;-3.6464199405634;40.39896583064839
16;2095;"AV. LOGROÑO - LUIS DE LA MATA";"02/12/2009";448113.434538173;4477877.844103782;-3.61189103691151;40.4499398510563
2;1630;"RETAMA - OMBU";"20/06/2000";442617.829505649;4471722.494867021;-3.67614043361354;40.39412809525456
19;1454;"PASEO DE ARTILLEROS - VILLARDONDIEGO";"22/03/1996";448307.996480824;4473007.355314584;-3.60920068903996;40.40607557093433
19;1017;"PLAZA DE LA  VICALVARADA";"24/08/1981";448267.083229641;4473394.684082495;-3.60971432161845;40.40956234085829
21;1466;"AV. LOGROÑO - BRIONES";"10/10/1996";450248.765460089;4479398.27580646;-3.58682981681302;40.4637673817251
20;2126;"JULIAN CAMARILLO - RUFINO GONZALEZ";"04/08/2011";446950.65884675;4476288.025877326;-3.62546995824585;40.43554446289272
20;2154;"ALBASANZ - RUFINO GONZALEZ";"02/04/2013";446863.640021967;4476530.557980164;-3.62651616249085;40.43772377789568
9;784;"ANTONIO MACHADO - ISLA OZA";"01/01/1978";438949.52727484;4479390.845813869;-3.72009773298017;40.46294702670019
8;380;"AV. BETANZOS - CHANTADA";"09/09/1969";439654.872721865;4480528.74572163;-3.71188694051436;40.47324918348049
20;2083;"SUECIA - PSO. GINEBRA (NORTE)";"21/09/2009";448766.9199085;4475049.837396566;-3.60395696912464;40.42450395155717
18;1564;"JESUS PINO - SAN JAIME";"24/02/1999";447008.477183292;4470299.330384177;-3.62428959022636;40.38159821519361
18;1953;"MONTES BARBANZA - TRAVESIA GAVIA SECA";"24/05/2006";447454.375000828;4469909.004398012;-3.61900460515724;40.37811013037525
18;4805;"CTRA. VILLAVERDE A VALLECAS - MERCAMADRID - P.P.";"02/01/2025";444383.426047435;4468701.793730761;-3.6550738859352;40.36703552285012
18;1613;"CNO. VASARES - ENRIQUE GARCIA ALVAREZ";"27/01/2000";447756.865927451;4470551.341063113;-3.61549402120586;40.38391575870296
7;496;"VALLEHERMOSO - DONOSO CORTES";"28/02/1972";439909.214826641;4476408.289626848;-3.70849670621757;40.43614889783093
7;407;"VALLEHERMOSO - FERNANDEZ DE LOS RIOS";"02/07/1970";439898.369084716;4476292.891948879;-3.70861365916411;40.43510856195089
7;460;"VALLEHERMOSO - FERNANDO CATOLICO";"04/10/1971";439890.632359148;4476166.435534593;-3.70869290992105;40.4339688285929
5;4692;"Pº CASTELLANA -JUAN HURTADO MENDOZA";"25/01/2023";441553.758691164;4479104.14346249;-3.6893562613869;40.4605515606719
6;4693;"Pº CASTELLANA -FRANCISCO GERVÁS";"11/08/2022";441478.47003137;4479110.70531816;-3.69024481295795;40.46060537367243
5;252;"MATEO INURRIA - ENRIQUE LARRETA";"23/10/1967";441838.020928641;4479782.588624513;-3.68606588136604;40.46668323321711
3;1771;"AV. NAZARET - JESUS APRENDIZ";"12/11/2003";443062.346968043;4473640.763781936;-3.67107456634861;40.41143943289821
4;1900;"ALC. SAINZ  BARANDA - ACCESO M-30";"17/08/2005";443883.305229227;4474741.084493638;-3.66149633262024;40.42140748004239
3;4835;"AV. NAZARET -SAMARIA";"19/03/2025";442872.975199318;4473655.886928288;-3.67330773853246;40.41156269504769
3;1455;"ALC. SAINZ BARANDA - MARQUES LOZOYA";"26/03/1996";443327.772499892;4474265.578858124;-3.66800208982726;40.41708621986959
3;1107;"ALC. SAINZ BARANDA - VAQUERIAS";"19/07/1985";443506.855273156;4474393.467922082;-3.66590271475187;40.41825048973062
3;1580;"ALC. SAINZ BARANDA - ANTONIO CASERO";"13/05/1999";443551.890400375;4474508.173045792;-3.66538208560903;40.41928687149069
9;4621;"QUINTANA -TUTOR";"17/02/2021";439266.951824592;4475562.94297278;-3.71598793485055;40.42848700346143
5;1277;"AV. BURGOS, 30";"02/08/1991";442731.026369447;4481199.567909988;-3.67566082268627;40.47951004071145
5;1100;"AV. SAN LUIS - AV. BURGOS";"02/01/1985";442732.338244517;4481340.918340695;-3.67565811263527;40.48078347599042
5;4799;"AV.BURGOS -PASTORA IMPERIO P.P";"14/10/2024";442722.939639495;4481592.66358226;-3.67579173522605;40.48305065519632
12;1537;"AV. CORDOBA - HOSPITAL DOCE DE OCTUBRE";"22/07/1998";440887.198348121;4470004.749194067;-3.69637185345912;40.3785326959903
11;2136;"CONSUELO GUZMAN - PARAGUAYA";"04/07/2012";435975.685139255;4469696.299949682;-3.7541958400513;40.37539118455878
11;2224;"SECOYA-OBOLO-REUS";"24/09/2015";436971.188655786;4469261.343017782;-3.7424269082645;40.37154877146871
11;4756;"AV. CARABANCHEL ALTO - DIEGO TORRES VILLARROEL - P.P.";"31/07/2023";436159.370712789;4469328.52830164;-3.75199539965914;40.37209222551493
10;1398;"CJAL. FRANCISCO JOSE JIMENEZ M. - HURTUMPASCUAL";"23/11/1994";436941.590716685;4472522.166518804;-3.74309828581312;40.40092146864938
10;1399;"CJAL. FRANCISCO JOSE JIMENEZ M. - MUÑICO";"23/11/1994";437130.836700742;4472553.814060214;-3.74087145968915;40.40122087289772
10;1400;"CJAL. FRANCISCO JOSE JIMENEZ M. - VINEGRA";"23/11/1994";437291.468946469;4472581.380243358;-3.7389813800252;40.40148131339583
4;135;"GOYA - NUÑEZ BALBOA";"21/06/1965";442080.73189858;4475167.53381845;-3.68278226829401;40.42512562957553
2;1805;"EMBAJADORES - PUERTO SERRANO";"08/07/2004";441549.218824863;4470741.016512437;-3.68864106947935;40.38521209767853
13;1099;"AV. DE LA ALBUFERA 136 - P.P.";"13/11/1984";444717.165883591;4471395.104231356;-3.65137684674198;40.39132075221151
13;302;"AV. DE LA ALBUFERA - PERPETUO SOCORRO";"21/05/1968";443851.833051933;4471732.962564944;-3.66160188611725;40.39430649812664
13;189;"AV. DE LA ALBUFERA - SIERRA DEL  CADI";"09/09/1966";443984.581861484;4471638.285110841;-3.66002945840893;40.39346252651369
13;537;"AV. DE LA ALBUFERA - PAYASO FOFO";"15/11/1972";444085.516944111;4471566.478452328;-3.65883391069556;40.39282243171702
13;693;"AV. DE LA  ALBUFERA - CANTALAPIEDRA";"05/07/1976";444366.218913368;4471440.879193;-3.65551566569815;40.39170975470298
13;694;"AV. DE LA ALBUFERA - AV. BUENOS AIRES";"06/07/1976";444524.685454498;4471421.651592979;-3.65364694393547;40.39154710994725
9;4588;"CUESTA SAN VICENTE-CADARSO";"19/05/2020";439435.587983138;4474780.05379836;-3.71392544041465;40.42144668907332
13;1174;"BENJAMIN PALENCIA - HUMANES";"04/05/1989";444874.764040401;4471775.792895443;-3.64955299280876;40.39476067227916
13;1148;"PIO FELIPE - BOMBEROS";"09/07/1987";444594.674472959;4471750.321690024;-3.6528509320636;40.39451262680052
3;2159;"CERRO NEGRO - GANDIA";"24/06/2013";443091.533114964;4472130.273978916;-3.67059554049818;40.39783410193757
9;120;"PRINCESA - ALTAMIRANO - HILARION ESLAVA";"02/04/1964";439174.989889842;4475931.206825675;-3.71710724108657;40.43179776151796
20;1760;"JUAN IGNACIO LUCA TENA 7 - P.P.";"18/07/2003";446077.845131398;4477591.651734442;-3.63587078313533;40.44723212008997
20;1583;"ALCALA - RIOBAMBA - SANTA LEONOR";"21/05/1999";446322.998342897;4476705.333742892;-3.63290511713414;40.43926353652318
20;1582;"ALCALA - ALFONSO GOMEZ - CAMPECHE";"21/05/1999";446558.3680998;4476789.886673986;-3.63013714571091;40.44004039729816
15;473;"AV. DAROCA - RICARDO ORTIZ";"22/11/1971";444224.401639237;4475758.875443428;-3.65756507135489;40.43059922783174
20;1584;"ALCALA - TRACIA";"21/05/1999";446620.798709686;4476811.183405229;-3.6294028498174;40.44023626038537
20;1679;"TAMPICO - TUMACO";"06/06/2001";446096.670085675;4477341.737181569;-3.63562759544516;40.44498197298461
16;4660;"SILVANO - CEMENTERIO - P.P.";"17/05/2022";445672.433774993;4479126.257839535;-3.64078258267893;40.46103026925596
13;4841;"COCHERON DE LA VILLA 15 - P.P.";"14/03/2025";446340.7714009;4470365.157214847;-3.63216087974674;40.38214849534434
1;4642;"TOLEDO 96, P.P";"06/08/2021";439683.401483288;4473308.76049589;-3.7108649597235;40.40821060245955
2;4834;"PUENTE SAN ISIDRO P.P";"08/12/2024";438709.153246368;4472828.684609091;-3.72229993026541;40.403814703275
5;1710;"HIEDRA - ESTACION CHAMARTIN";"11/04/2002";442441.110727661;4480454.121052843;-3.67901337154558;40.47277469332614
11;293;"GRAL. RICARDOS - CLARISAS";"08/03/1968";438152.944084927;4471360.89615538;-3.72871166592358;40.39055107049922
11;290;"GRAL. RICARDOS - CNO. VIEJO LEGANES";"08/03/1968";438587.9377669;4471681.934955229;-3.72361770746256;40.39347532255822
11;291;"GRAL. RICARDOS - TOBOSO";"08/03/1968";438479.396754596;4471606.50378806;-3.72488926129644;40.39278779335928
11;288;"GRAL. RICARDOS - CASTRO DE ORO";"08/03/1968";438036.213835562;4471259.88249136;-3.73007710494228;40.38963241781501
1;28;"ALCALA - BARQUILLO - MARQUES DE CUBAS";"01/01/1960";440994.385935162;4474503.768275868;-3.69552619953513;40.41906977524547
1;30;"ALCALA - GRAN VIA";"01/01/1960";440890.705771974;4474465.170441356;-3.69674465233629;40.41871470926695
10;553;"ALHAMBRA 80 - P.P.";"22/02/1973";436870.893069714;4472065.141035492;-3.74388602336855;40.39679903468452
10;971;"NTRA. SRA. VALVANERA - LAGUNA";"26/06/1980";436985.002247704;4471780.012867483;-3.7425133009051;40.39423912029123
10;432;"NTRA. SRA. VALVANERA - VIA CARPETANA";"06/01/1971";437122.240480073;4471642.820565214;-3.74088278880012;40.39301360452865
10;439;"VIA CARPETANA - LOPEZ MEZQUIA";"23/03/1971";437303.944221649;4471820.947319897;-3.73875949638808;40.39463194540931
16;1440;"EMIGRANTES - TRIBALDOS";"21/11/1995";446005.325879829;4479797.951321008;-3.63691357175317;40.46710293219571
13;1603;"AV. DE LA  ALBUFERA - COCHERON DE LA VILLA";"16/11/1999";446508.232341537;4470462.995044678;-3.63019634466048;40.38304065052805
13;1376;"AV. DE LA  ALBUFERA - TRANVIA DE ARGANDA";"30/06/1993";446308.084891897;4470563.298212595;-3.63256263506815;40.38393137355315
13;1185;"AV. DE LA ALBUFERA - M-40 ESTE";"17/01/1990";446207.434755585;4470633.732513973;-3.63375430652455;40.38455939937277
13;2241;"COCHERON VILLA - JARDINERA - P.P.";"27/11/2015";446524.284235022;4470406.974926378;-3.63000254357468;40.3825370147345
4;879;"AV. BRASILIA - PTE. LA PAZ";"06/06/1978";443927.019936342;4476896.103160175;-3.6611711705577;40.44082397479175
10;1005;"GALLUR 435 P.P.";"29/04/1981";437031.558144058;4472028.648393745;-3.74198935763381;40.39648245673317
10;953;"MAQUEDA - TEMBLEQUE";"27/02/1980";435211.401297687;4471516.732046194;-3.76338333522298;40.39173130807896
8;1651;"VALLE PINARES LLANOS - RISCOS POLANCO";"31/10/2000";438747.936660226;4481897.553967907;-3.72271741909408;40.48551348015565
8;1034;"JOAQUIN LORENZO - ISLAS ALEUTIANAS";"12/11/1981";438182.364365187;4480696.378468245;-3.72927302963176;40.47465098514662
8;1444;"ISLA TABARCA - FERMIN CABALLERO";"23/01/1996";438787.737059769;4481044.234991143;-3.72216546231223;40.4778294337038
8;1678;"SANGENJO - ALFREDO MARQUERIE";"05/06/2001";440786.270404992;4482173.588818298;-3.69869448856098;40.48814798778946
11;2113;"CIDRO - TULIPERO";"21/10/2010";436645.711253608;4468750.86601848;-3.74620973115528;40.36692548496025
6;1878;"OFELIA NIETO 20 - P.P.";"24/02/2005";439785.699853708;4478994.694077492;-3.7101981152244;40.45943935678128
16;2262;"NICETO ALCALA ZAMORA 91 - P.P.";"15/03/2017";444278.785854275;4483423.495676104;-3.65759700273365;40.49964947032727
16;2172;"ING. EMILIO HERRERA - PL. ALCALDE MORENO TORRES SUR PP";"15/07/2013";444285.067288627;4482116.713794423;-3.65740797249702;40.48787782931268
16;2173;"FCO. PI Y MARGALL - PL. ALCALDE MORENO TORRES (ESTE)";"15/07/2013";444499.404037889;4482150.436607067;-3.65488201754657;40.48819597711984
4;1738;"ALCALA - VELAZQUEZ";"28/11/2002";441933.256929669;4474721.619052194;-3.68447994250345;40.42109832755724
3;389;"NARVAEZ - IBIZA";"17/11/1969";442629.16190974;4474402.551450868;-3.67624850748708;40.41827227305274
1;2206;"PSO. RECOLETOS - MARQUES DE DUERO";"05/12/2014";441292.539803602;4474676.312053242;-3.69202789442892;40.42064522172896
7;925;"GUZMAN EL  BUENO - JOAQUIN MARIA LOPEZ";"28/06/1979";439531.069359883;4476578.067563349;-3.7129710366932;40.43765092049249
7;461;"GUZMAN EL BUENO - DONOSO CORTES";"05/10/1971";439522.16520206;4476439.345025527;-3.71306281239709;40.43640060193228
2;1920;"PSO. MELANCOLICOS - SAN ALEJANDRO";"30/12/2005";438857.824110796;4472917.549521042;-3.72055654299718;40.40462617000557
2;4602;"Pº PONTONES- CASIMIRO MAHOU BIERHANS";"16/09/2020";439121.380269006;4472884.726309846;-3.71744764281228;40.40434979639598
10;667;"GTA. DE LOS CARMENES";"27/06/1975";436894.636049561;4471921.177442103;-3.74359200108367;40.39550394903018
10;1310;"VILLASANDINO - VILLAMANIN - VILLAGARCIA";"28/02/1992";436077.717166356;4473048.422309281;-3.7533304385105;40.40559631964373
6;970;"DR. FEDERICO RUBIO - AV. PABLO IGLESIAS";"19/06/1980";439635.674317881;4478222.347401538;-3.71189402399238;40.45247086894889
18;1547;"AV. MEDITERRANEO - PUENTELARRA";"16/10/1998";448600.101691992;4470612.122192862;-3.60556500952617;40.38451576473551
18;1561;"PUERTO PORZUNA - FUENTIDUEÑA";"05/02/1999";447091.52186054;4469473.891957825;-3.62324277616815;40.37416738278125
15;721;"VITAL AZA - JOSE ARCONES GIL";"07/03/1977";445886.056426013;4476086.432513904;-3.63800408998;40.43365980740393
16;1907;"AV. MANOTERAS - AV. MANOTERAS- P.P.";"22/10/2005";443658.397131713;4482123.658618379;-3.66480251027615;40.48789809596785
16;2032;"NICETO ALCALA ZAMORA - FERNANDO ROJAS - P.P.";"19/10/2007";445107.261977559;4482687.624107354;-3.6477565354271;40.4930756263554
16;2101;"INGENIERO EMILIO HERRERA - FUENTE DE LA MORA";"25/01/2010";444028.908818868;4481905.232585063;-3.66041164804397;40.48595548140381
16;2118;"FCO. PI  Y MARGALL - PRINCESA DE EBOLI - P.P.";"04/01/2011";444611.774394759;4482102.638707598;-3.65355200297108;40.48777289714666
16;1781;"INGENIERO EMILIO HERRERA - AV. MANOTERAS";"28/04/2004";444138.510951381;4481996.864468683;-3.65912659197577;40.48678832428622
16;1448;"AV. MANOTERAS - CNO. FUENTE MORA - METRO";"15/02/1996";443851.025883842;4482084.037029584;-3.66252622262932;40.48755421866525
16;4737;"ING.EMIILIO HERRERA -PL. ALCALDE MORENO TORRES (NORTE)";"18/05/2023";444467.367541836;4482291.797653815;-3.65527239632178;40.4894672784198
16;4736;"FCO. PI Y MARGALL - PL. ALCALDE MORENO TORRES (OESTE)";"17/05/2023";444297.000142066;4482275.09243636;-3.65728109917012;40.48930537551647
9;862;"FRANCOS RODRIGUEZ - PIRINEOS";"01/01/1978";439301.312342737;4478913.134744958;-3.7159030073584;40.45866939834361
1;172;"BAILEN - DON PEDRO";"11/05/1966";439430.985831827;4473709.268051904;-3.71387772520293;40.41180023260752
1;1320;"GRAN VIA SAN FRANCISCO - SAN BERNABE";"08/04/1992";439487.877497142;4473374.257978735;-3.71317537891757;40.40878644470304
1;116;"MAYOR - MILANESES - PL. CTE. MORENAS";"14/03/1964";439857.599103192;4474162.246343498;-3.70889277079;40.41591180610235
1;892;"AMANIEL - NOVICIADO";"07/11/1978";439834.182072403;4475254.824006863;-3.70927213016622;40.42575254933054
1;176;"AMANIEL - REYES - ALAMO";"07/06/1966";439850.209321691;4475096.238880387;-3.70906820232366;40.42432510239374
5;1845;"AV. BURGOS - BUGANVILLA";"26/10/2004";442694.486033834;4480292.636637626;-3.67600995123659;40.47133749115098
5;1278;"AV. BURGOS - MARQUES DE TORROJA";"14/08/1991";442679.700316344;4480190.277455098;-3.67617511177821;40.47041437450427
2;776;"PSO. PONTONES - PSO. MELANCOLICOS";"01/01/1978";438868.910313009;4472850.626074048;-3.72041947496733;40.40402410701374
2;4613;"Pº MELANCOLICOS - DUQUE TOVAR";"16/11/2020";438901.00178079;4472720.39441991;-3.72002880984752;40.40285327596522
5;653;"AV. PIO XII - AV. BURGOS";"05/03/1975";442701.672852184;4480434.380060252;-3.67593798041657;40.47261487372302
5;1294;"AV. PIO XII - M-30,P.P";"18/12/1991";442846.13601888;4480343.650202702;-3.67422571175672;40.47180749245162
10;946;"OCAÑA 98 - P.P.";"18/01/1980";436079.635104941;4470839.591407051;-3.75308610754758;40.38569842340632
8;1855;"MONASTERIO SILOS - MONASTERIO LIEBANA";"15/11/2004";441175.95262701;4484250.97273027;-3.69428963248709;40.5068895212307
8;4629;"AV. MONASTERIO DE EL ESCORIAL - MONASTERIO CAAVEIRO";"14/07/2021";440925.97271237;4484076.3422936;-3.69722360252245;40.5052986271493
8;4630;"AV. MONASTERIO SILOS - MONASTERIO SAMOS";"31/05/2021";441094.795732453;4484126.07853603;-3.6952358278432;40.50575867235322
8;4802;"AV. SANTUARIO DE VALVERDE - MONASTERIO DE OSEIRA";"05-11-2024";440983.557569229;4484376.82111364;-3.69657200708875;40.50800954216578
8;4804;"AV. SANTUARIO DE VALVERDE - MONASTERIO DE POYO";"05-11-2024";441062.600478748;4484501.02792335;-3.69565068932044;40.50913405923186
8;1065;"FINISTERRE - VILLA MARIN";"15/11/1982";440636.211711429;4480765.717926513;-3.70033316529572;40.47545464027193
8;842;"MELCHOR FERNANDEZ ALMAGRO - FINISTERRE";"01/01/1978";440512.751831356;4480967.779725996;-3.70180850997206;40.47726605616023
5;1602;"LOPEZ HOYOS 169 - P.P.";"11/11/1999";443576.829354689;4477923.210771698;-3.66539133533271;40.45005298364677
10;4845;"ALHAMBRA 66,- P.P";"21/05/2025";436855.06201341;4472196.00219633;-3.74408553281546;40.39797668694485
10;689;"DUQUESA PARCENT - DUQUESA PARCENT";"25/06/1976";436564.024219296;4471913.37979952;-3.74748662257003;40.39540858834599
10;1351;"ALHAMBRA - CUART POBLET";"25/11/1992";436829.243335904;4472317.994979381;-3.74440185405335;40.39907369091873
10;895;"VIA CARPETANA - MOCHUELO";"22/11/1978";437406.37290312;4472006.216709781;-3.73757086652824;40.39630863732376
10;4862;"A-5 - VILLAGARCIA";"06/08/2025";436012.990833718;4472892.45142368;-3.75407750168519;40.40418630115207
16;4788;"GLORIETA DE FRANCISCO JAREÑO";"27/10/2023";447784.898610194;4482943.05999092;-3.61618216795104;40.49554949378625
18;1797;"REAL DE ARGANDA - ACCESO A-3 - P.P.";"23/06/2004";448731.921586797;4469677.132911148;-3.60393684033995;40.37610084163506
16;2140;"INGENIERO EMILIO HERRERA - ISABEL CLARA EUGENIA";"31/08/2012";444791.663569109;4482677.592684951;-3.65147962255392;40.4929643262337
18;1796;"REAL DE ARGANDA - SANTA EUGENIA - P.P.";"23/06/2004";448404.777476487;4469853.461533585;-3.60780466007933;40.37766914555266
6;1508;"ORENSE - HUESCA";"20/11/1997";441116.180955504;4478807.122050021;-3.69448944949854;40.45784497305647
17;2129;"VALLE DE TOBALINA - SAN EZEQUIEL";"14/07/2011";439227.848940668;4465032.084318854;-3.71544456214691;40.33361687454462
17;2231;"VALLE TOBALINA-BASCUÑUELOS";"04/12/2015";439234.567672141;4465480.487398576;-3.71540813344181;40.33765683657621
7;627;"SAN FRANCISCO SALES - GAZTAMBIDE";"30/07/1974";439304.960015902;4476903.173721956;-3.71566788343125;40.44056313925847
17;1381;"SAN NORBERTO - SAN ERASMO - BOMBEROS";"26/09/1993";439952.434151412;4465700.369941588;-3.70697778355846;40.33968962895361
10;962;"AV. SEPULVEDA - PALMIPEDO";"16/04/1980";436557.263072506;4472876.579663385;-3.74766227136366;40.40408497280303
10;767;"CEBREROS - CONEX. LUCERO";"08/11/1977";436537.389463487;4472927.061083318;-3.74790149306321;40.40453821517173
10;1437;"AV. SEPULVEDA - BERLANAS - P.P.";"11/10/1995";436115.755697923;4472673.39715963;-3.7528445467935;40.4022208654467
1;377;"RDA. TOLEDO - RIBERA CURTIDORES -SORIA";"01/09/1969";440001.30782457;4473038.152985996;-3.70709301391532;40.40579581326928
6;1987;"MARQUES VIANA - CEUTA - P.P.";"02/04/2007";440696.085506836;4479180.117904989;-3.69947865365658;40.4611752007228
19;1934;"MINERVA - OMEGA";"20/02/2006";448930.836942873;4472346.213692097;-3.60180773003519;40.40015800005367
16;4785;"SECUNDINO ZUAZO - ANTONIO MIRÓ VALVERDE - P.P";"26/09/2023";448288.382415963;4482875.85020889;-3.61023547101816;40.49497555778315
16;4784;"GLORIETA DE JOSÉ PAZ MAROTO";"26/09/2023";448435.772288845;4482871.13373295;-3.60849587052044;40.49494223980906
16;4783;"MANUEL FRAGA IRIBARNE - JORDI SOLÉ TURA - P.P";"26/09/2023";448432.234931896;4482716.66914617;-3.60852504039711;40.49355052241872
16;4782;"MANUEL FRAGA IRIBARNE 115 - P.P";"26/09/2023";448432.234931896;4482581.07046312;-3.60851400524054;40.49232897843976
16;4825;"JUAN ANTONIO SAMARANCH-MARIA REICHE-P.P.";"10/04/2025";448075.416686925;4482099.76098646;-3.61268489732171;40.48797084633657
7;1236;"SANTA ENGRACIA - SANTA FELICIANA";"31/10/1990";440787.457743728;4476105.254593723;-3.69811433700807;40.43348201397799
4;501;"AV. TOREROS - COLOMER";"14/03/1972";443652.695161985;4476081.170887313;-3.66433333575008;40.4334641022845
4;256;"MARTINEZ IZQUIERDO - FRANCISCO ALTIMIRAS";"20/11/1967";443618.173144813;4476283.462685161;-3.66475827024094;40.43528411191067
4;638;"AV. BRUSELAS - PL. VENECIA";"11/11/1974";443776.03564058;4476923.897493245;-3.66295381270162;40.44106416505603
4;187;"CARTAGENA - MARTINEZ IZQUIERDO";"29/08/1966";443132.018510951;4476040.577559091;-3.67046807159361;40.43306297976003
4;183;"AV. TOREROS - CARTAGENA";"11/07/1966";443124.352731863;4475911.026045112;-3.67054685153553;40.4318953895793
4;298;"AV. TOREROS - RAFAELA BONILLA";"23/04/1968";443393.324072935;4475947.76123739;-3.66737923615901;40.43224466747871
17;1197;"AV. ROSALES - M-40";"05/04/1990";441929.538008099;4468107.015219996;-3.6839206772533;40.36151009055614
3;437;"DR. ESQUERDO - IBIZA";"12/03/1971";443219.404475632;4474360.815540152;-3.66928785535803;40.41793677611687
20;1336;"AV. ARCENTALES - P.P.";"03/09/1992";447146.365965918;4475506.8386817;-3.62309767339402;40.42851952478255
16;4789;"SECUNDINO ZUAZO - FINA DE CALDERÓN";"27/10/2023";447619.821952565;4482944.8286694;-3.6181302503;40.49555502455542
16;4787;"SECUNDINO ZUAZO 96 - JOSEFINA ALDECOA - P.P";"27/10/2023";447961.766457654;4482944.2391099;-3.61409518925153;40.49557122486524
16;4786;"SECUNDINO ZUAZO - CÉSAR CORT BOTÍ";"27/10/2023";448105.618973588;4482912.40289736;-3.61239509241931;40.49529343542509
20;2017;"DEYANIRA - ARACNE";"20/07/2007";449932.806682827;4477133.646666184;-3.59037787009402;40.44334722925095
20;2013;"DEYANIRA - ARRASTARIA";"20/07/2007";450273.480245628;4477091.213320114;-3.58635762450364;40.44298540732446
20;1981;"DEYANIRA - CAMPEZO";"09/02/2007";450529.071447719;4477048.097075894;-3.58334057382913;40.44261223532126
20;2014;"PIRRA - ARRASTARIA";"20/07/2007";450287.99496667;4477246.043615478;-3.58619859738828;40.44438108530179
4;4661;"AV.BRUSELAS-AV .BRUSELAS";"29/06/2022";443775.061694428;4476765.326328161;-3.66295126303854;40.43963560912437
4;628;"CARTAGENA - MEJICO";"20/08/1974";442981.384458749;4476585.576907247;-3.67229281646429;40.43796229437866
5;2260;"CORAZON DE MARIA - SAN NAZARIO";"26/01/2017";443497.75033981;4477768.842261267;-3.66631010971254;40.44865698489057
5;4592;"CLARA DEL REY -SANTA RITA";"29/06/2020";443332.962172286;4477415.945352418;-3.66822178398638;40.44546669944011
5;992;"CLARA REY - PADRE XIFRE";"11/02/1981";442941.505528742;4476882.654931535;-3.67278966739124;40.44063578489376
5;244;"CLARA REY - CARTAGENA";"24/08/1967";442836.369776128;4476815.494069822;-3.67402322289244;40.44002354591944
17;1178;"ALCOCER - PSO. TALLERES";"20/10/1989";440612.726738633;4466766.584567037;-3.6993034809189;40.3493419744284
8;1827;"CNO. DE SANTIAGO - CASTIELLO DE JACA";"02/08/2004";442849.782441103;4483470.565217929;-3.67446461713473;40.49997630349326
8;1828;"CNO. DE SANTIAGO - VALCARLOS";"02/08/2004";442897.333960158;4483156.557868872;-3.67387516461052;40.49715087339209
11;4822;"AV. PESETA 37- P.P.";"21/02/2025";435331.533810638;4468321.35684198;-3.76164375225345;40.3629553752325
20;1873;"AV. HELLIN 9 - P.P.";"25/01/2005";447747.016140955;4475871.523115563;-3.61604690698184;40.431842770251
18;2037;"AV. ENSANCHE VALLECAS - CAÑADA SANTISIMO";"05/12/2007";449101.926598442;4468293.838044688;-3.59946798743078;40.36366178923558
18;2036;"AV. ENSANCHE VALLECAS - ANTONIO GADES";"21/11/2007";449382.182773623;4468113.285937454;-3.59615302330096;40.36205230218729
18;2076;"AV. GRAN VIA DEL SURESTE - AV. ENSANCHE  VALLECAS";"13/05/2009";449749.432634688;4467880.07554457;-3.59180957307011;40.35997357972219
18;2132;"AV. SUERTES -  ALTO DEL RETIRO";"21/07/2011";448945.058502352;4468785.217851697;-3.60135479425323;40.36807890858141
7;89;"GTA. QUEVEDO";"01/01/1960";440266.083350434;4476124.705223196;-3.70426271712387;40.43361995298057
5;2205;"LOPEZ DE HOYOS - SUERO QUIÑONES";"02/12/2014";442785.18832237;4477236.905783505;-3.67466462296488;40.44381630785844
11;597;"CNO. VIEJO LEGANES - PELICANO";"24/09/1973";438096.086634879;4470591.641537027;-3.72930678385524;40.38361704215796
11;912;"CNO. VIEJO LEGANES - ALVAREZ ABELLAN";"02/03/1979";438046.408495983;4470496.84373773;-3.72988279289746;40.38275936640771
8;1865;"A-1 VIA DE SERVICIO - QUINTANAVIDES";"28/12/2004";443493.589071676;4483070.291696604;-3.66683144966601;40.49641456528808
16;1930;"PRINCIPE CARLOS - FCO. PI  Y MARGALL";"01/03/2006";444787.356166639;4482027.667569556;-3.65147382685932;40.48710921922162
16;1872;"FCO. PI  Y MARGALL - MARIA DE PORTUGAL";"18/01/2005";443620.739743264;4482842.29291431;-3.66531075390412;40.49436930413709
7;514;"JOSE ABASCAL - GRAL. ALVAREZ CASTRO";"08/06/1972";440408.639520279;4476674.252980917;-3.70263363419483;40.43858074870286
7;234;"SANTA ENGRACIA - CARACAS";"12/07/1967";440880.71545328;4475813.574250004;-3.69698777791771;40.43086105720008
5;533;"PL. DUQUE PASTRANA";"08/11/1972";442541.132122567;4479934.747716163;-3.67778647056021;40.46810287697222
7;503;"CEA BERMUDEZ - HILARION ESLAVA";"09/07/1981";439244.863317027;4476746.94477937;-3.71636150433736;40.43915137606817
13;1649;"AV. PABLO NERUDA - LUIS BUÑUEL";"10/10/2000";445255.245883092;4470986.307732205;-3.64500210005293;40.38767359678929
13;2134;"AV. PABLO NERUDA - VIRIDIANA";"11/06/2012";444385.86270052;4470297.631781659;-3.65518441811156;40.38141199756464
13;2190;"AV. PABLO NERUDA - ROMEO Y JULIETA";"02/07/2014";443818.855360203;4470304.11235278;-3.66186442412607;40.38143234163097
13;1254;"CARLOS MARTIN ALVAREZ - JAVIER DE MIGUEL";"13/03/1991";443651.555484228;4471144.628473502;-3.66390958257203;40.38899291455298
13;1396;"JAVIER DE MIGUEL - PAYASO FOFO";"11/08/1994";443959.761489219;4470989.879999153;-3.66026484767249;40.38761963872238
13;1648;"AV. PABLO NERUDA - GUILLERMO PINGARRON";"10/10/2000";445177.72410729;4470859.259908571;-3.64590447216299;40.38652397269707
15;228;"ALCALA - MATEO GARCIA";"05/06/1967";444589.466127712;4475955.578713905;-3.65327856646962;40.43239563608481
14;1748;"HACIENDA PAVONES - CARRIL BICI - P.P.";"30/04/2003";446715.345150143;4472214.965861931;-3.62790302249105;40.39883681425656
14;1783;"ARROYO FONTARRON 245 - P.P.";"28/04/2004";445367.433129609;4472010.798326924;-3.64376827488031;40.396910208655
4;4649;"SERRANO - MALDONADO";"24/11/2021";441763.048731295;4476156.67736269;-3.68661764662212;40.43401413674659
1;98;"BAILEN - CARRERA SAN FRANCISCO";"18/11/1961";439427.265545176;4473576.664474202;-3.71390894604048;40.41060540785752
13;1246;"EL BOSCO - BENJAMIN PALENCIA";"12/02/1991";445488.453626002;4471736.961824366;-3.64231886026273;40.39445125055408
14;1482;"LUIS HOYOS SAINZ 84 - COLEGIO PIO BAROJA - P.P.";"11/02/1997";445962.925314543;4472802.317436704;-3.63681883377311;40.40407955560713
2;855;"MENDEZ ALVARO - CANARIAS - ANCORA P.P.";"01/01/1978";441569.422373585;4472687.865151716;-3.6885816891538;40.40275177082128
20;1984;"PL. GRECIA - AV. ARCENTALES - NIZA";"27/02/2007";448412.21531259;4476219.628600338;-3.6082330871751;40.4350202418733
20;1894;"SOFIA - BUDAPEST";"02/08/2005";449009.81762189;4475347.534386704;-3.6011176142723;40.42720071883626
20;2251;"PIRRA - ARACNE - P.P.";"08/09/2016";450031.125628199;4477377.866882971;-3.58923779166106;40.44555323389872
1;43;"GRAN VIA - PL. CALLAO";"01/01/1960";440129.894597305;4474640.497167598;-3.70572849818829;40.42023974494297
16;1931;"NICETO ALCALA ZAMORA - ANA AUSTRIA";"01/03/2006";444576.530164049;4483173.113615948;-3.65406146873113;40.49741385970241
16;4792;"MARÍA DE LAS MERCEDES DE BORBÓN - SECUNDINO ZUAZO";"27/10/2023";447142.278764424;4482948.36602635;-3.62376564194;40.4955566133508
16;4791;"SECUNDINO ZUAZO 25 -JOSÉ ANTONIO GODERCH - P.P";"27/10/2023";447306.17630307;4482944.8286694;-3.62183132700819;40.49553516958175
16;4790;"SECUNDINO ZUAZO - MANUEL GUTIÉRREZ MELLADO";"27/10/2023";447460.05133036;4482944.23910991;-3.62001552478015;40.49553961422391
20;2015;"CAMPEZO -SAMANIEGO";"20/07/2007";450569.105364869;4477272.894972063;-3.58288602668286;40.44463974032967
1;34;"GTA. BILBAO";"01/01/1960";440438.308552951;4475616.877226213;-3.70218474074515;40.42905756037468
7;1499;"BLASCO  DE GARAY - JOAQUIN MARIA LOPEZ";"23/09/1997";439678.487118013;4476566.43535563;-3.7112319010287;40.4375568387297
7;1020;"BLASCO DE GARAY - DONOSO CORTES";"08/09/1981";439668.28644074;4476428.411295501;-3.7113390606334;40.43631271938723
7;608;"BLASCO DE GARAY - FERNANDEZ DE LOS RIOS";"15/01/1974";439660.261527582;4476309.994115878;-3.71142242733331;40.43524538472975
7;373;"BLASCO DE GARAY - FERNANDO EL CATOLICO";"09/08/1969";439651.253091035;4476188.857335542;-3.71151712837949;40.43415347914565
8;4859;"CAMINO DE SANTIAGO-OBANOS P.P.";"09/07/2025";442862.072043214;4483283.08566045;-3.67430267909706;40.49828825932185
11;4866;"ABRANTES 111 P.P.";"11/09/2025";437978.690621573;4470073.66262506;-3.73063933617292;40.37894211240107
6;2270;"JERONIMA LLORENTE -PAMPLONA";"06/07/2017";440116.404603634;4478523.779150204;-3.70625347309282;40.45522106318442
19;4848;"JOSÉ ESCOBAR Y SALIENTE - FRANCISCO GRANDE COVIÁN";"01/01/1900";452154.909899661;4472688.44753857;-3.56384223049053;40.40343258524402
21;897;"AV. LOGROÑO - BURETA";"29/11/1978";450321.830554951;4479464.222551617;-3.58597319893889;40.46436584193383
10;4705;"OCAÑA, 23 -P.P.";"26/09/2022";435689.869561126;4470678.549711301;-3.75766154583918;40.38421769837132
8;911;"AV. CARDENAL HERRERA ORIA 292 - P.P.";"28/02/1979";438448.096003697;4481155.914577333;-3.72618298978783;40.47881037580001
8;840;"AV. CARDENAL HERRERA ORIA 279 - P.P.";"01/01/1978";438554.78804847;4481214.159159299;-3.72492998774104;40.47934296371925
8;2170;"AV. CARDENAL HERRERA ORIA, 173 - RODA DE BARA - P.P.";"28/06/2013";439698.643395712;4481745.909938783;-3.71148636555233;40.48421701509606
8;4650;"ISLA AROSA - FERMIN CABALLERO";"17/11/2021";439298.034197035;4481349.22234443;-3.71617476135923;40.48061432381967
10;517;"AV. MANZANARES - PSO. ERMITA SANTO";"28/06/1972";438645.378053429;4473612.287636204;-3.72312699865488;40.41086905317554
17;2138;"AV. ROSALES - ORO";"07/08/2012";442468.957450493;4466909.424782783;-3.67746013848558;40.35075885052894
10;4863;"A-5 - CARLINA";"06/08/2025";436237.624735541;4472928.00499088;-3.75143400214418;40.40452381512998
21;4836;"AV.LOGROÑO-ALHAURÍN";"28/02/2025";450633.015576253;4480633.864445477;-3.58239385002191;40.47492123028059
8;1994;"VALLE DE MENA - VALDERRODRIGO";"03/04/2007";439181.098161175;4480223.818527454;-3.71744637331247;40.47046773302059
11;4631;"OCA - ALFARO - P.P.";"08/06/2021";437519.761065189;4471262.929547;-3.7361619409785;40.38962129083798
13;726;"RONDA SUR - MARTOS";"03/06/1977";443857.244998303;4469593.758828746;-3.66134961120615;40.37503563062556
1;339;"TOLEDO - LOPEZ SILVA";"10/01/1969";439831.712268098;4473551.181501538;-3.70914008335382;40.41040517798438
9;886;"OSA MAYOR 98 - P.P.";"18/07/1978";433265.222467581;4479047.076632846;-3.78710290342681;40.45941316752506
12;123;"GTA. CADIZ";"08/06/1964";440645.245859191;4471063.277800783;-3.69932055558453;40.38805128697985
15;1342;"ARTURO SORIA - LAUD";"06/10/1992";443678.573390951;4481539.520191406;-3.66451255603603;40.48263729037307
4;137;"GOYA - CLAUDIO COELLO";"21/06/1965";441757.138508255;4475190.816882463;-3.6865988281631;40.42531278450913
12;1746;"GTA. MALAGA";"24/02/2003";440987.482985783;4469719.128047664;-3.69516409791396;40.37596677141872
10;2123;"VIA CARPETANA - LUIS FEITO";"09/02/2011";436916.285956676;4471394.025264958;-3.74328469511346;40.39075677603329
10;1973;"AV. AVIACION - FLAUTAS";"22/09/2006";434569.410308756;4469545.762312968;-3.77074466720607;40.37392586550721
1;26;"PL. CANOVAS CASTILLO";"01/01/1960";441110.246329036;4474080.651860437;-3.69412142166454;40.41526634293188
12;2094;"RAFAELA YBARRA - M-40";"01/12/2009";439370.138692957;4468482.259419818;-3.71409731715721;40.36470832141281
13;4620;"CONVENIO - AV. SAN DIEGO";"26/03/2021";442982.861255431;4471244.44456405;-3.67179670744301;40.38984661470651
3;1345;"ALFONSO XII - MONTALBAN";"04/11/1992";441552.011477394;4474380.301083006;-3.68894231865933;40.41799687421141
10;4860;"ILLESCAS 90 - P.P.";"22/09/2025";436021.473710236;4471410.57220204;-3.75382863527295;40.390837591238
16;1722;"AV. SAN LUIS - TOTANA";"23/07/2002";444638.23058455;4480358.787546124;-3.65308759538805;40.47206523659972
11;1569;"VIA LUSITANA 42 - P.P.";"27/04/1999";438493.238468359;4470372.530738227;-3.72460703552029;40.38167259874671
19;4855;"CALAHORRA, 11 P.P.";"01/01/1900";448011.652481024;4473164.82198457;-3.61270583767296;40.40747568047917
19;4850;"VICTORIA KENT - CONCEJAL VICTORINO GRANIZO";"01/01/1900";452303.1015016;4472356.01772881;-3.56207100096519;40.40044631376801
6;4864;"PSO. DIRECCION, 305 - ESCUELA Mª MOLINER - P.P.";"13/08/2025";440389.10157164;4480184.42345456;-3.70319356360662;40.47020041624442
16;4852;"SANCHINARO-ARROYO VALDEBEBAS";"01/01/1900";443404.491636701;4482619.44548297;-3.66784254935717;40.49234708306847
19;4846;"IGUALDAD - TOLERANCIA";"01/01/1900";452439.277568248;4473112.99645223;-3.56052290833351;40.4072735276437
3;2265;"DR. ESQUERDO -RAFAEL SALAZAR";"05/04/2017";443202.394338163;4474091.313328872;-3.66946428089466;40.41550779497626
13;1136;"PIO FELIPE - EL BOSCO";"25/02/1987";445029.853957069;4472137.645528681;-3.64775688376419;40.39803071106813
13;1311;"CONVENIO - PICO JAVALON";"05/03/1992";442946.620235562;4471503.543213597;-3.67224689425768;40.39217824190563
5;4591;"PRADILLO 43,P.P";"30/06/2020";443185.767583122;4477841.18688982;-3.66999544100584;40.4492874365254
11;1572;"VIA LUSITANA - CARRERO JUAN RAMON";"27/04/1999";438183.679579566;4470047.308417292;-3.72822210159137;40.37871993224022
9;1944;"AV. COMPLUTENSE - CIEMAT";"31/03/2006";438164.985497974;4478541.521429892;-3.72926805229684;40.45523799510267
18;4843;"AV. MAYORAZGO 14-P.P.";"16/06/2025";446282.082013739;4469056.257706454;-3.63274194729818;40.3703532767139
1;307;"RDA. ATOCHA - MALLORCA";"07/06/1968";440782.737685008;4473089.148832111;-3.69788915033377;40.40631115773253
5;806;"PADRE DAMIAN - PROF. WAKSMAN";"01/01/1978";441757.794317865;4478606.246766655;-3.68690420131804;40.45608061524182
19;4812;"AV. BLAS DE LEZO - DE LA IGUALDAD";"28/03/2025";453104.740044405;4473116.77323392;-3.55268078286739;40.40734530403248
10;4865;"A-5 - DANTE";"01/09/2025";436859.004125837;4473323.13440811;-3.74415089082602;40.40813065745209
15;364;"ALCALA - VICENTE ESPINEL";"03/07/1969";445579.216520107;4476375.386269788;-3.64164626609628;40.43624284366855
16;1776;"ASURA - BUESO PINEDA";"05/02/2004";444648.099892874;4478509.751967332;-3.65280989523203;40.45540887102303
9;164;"PRINCESA - PSO. MORET";"22/02/1966";438972.359283203;4476291.088005939;-3.71953056875268;40.43502487805281
20;2021;"CTRA. ACC. ESTACION O'DONNELL - PIRRA";"06/09/2007";449669.917654053;4477450.850168145;-3.59350275819334;40.44618892427896
2;4726;"MAESTRO ARBOS-SAMUR";"01/02/2023";441003.357389289;4471257.11973044;-3.69511951734489;40.38982295614171
9;898;"FERRAZ - ROMERO ROBLEDO";"27/12/1978";438737.196046137;4475873.236449583;-3.72226271424455;40.43124341122916
6;406;"GTA. ROCIO DURCAL";"26/06/1970";439681.296736711;4478784.194728846;-3.71140940580428;40.45753552452019
15;512;"HERMANOS GARCIA NOBLEJAS - VITAL AZA";"26/05/1972";446076.014625048;4476193.099748603;-3.63577366198977;40.43463306400051
16;4780;"MANUEL FRAGA IRIBARNE 43-P.P";"26/09/2023";448432.234931896;4482336.10849439;-3.60849407170327;40.49012223202353
2;1910;"HIERRO - BOLIVAR";"22/10/2005";441303.3602535;4471529.668673211;-3.69161013905195;40.39229941594582
9;1690;"FERRAZ - REY FRANCISCO";"29/10/2001";439129.065724556;4475339.095854883;-3.71759193424704;40.42646041490665
5;1061;"COLOMBIA - PUERTO RICO";"13/07/1982";442819.143059685;4478702.951244348;-3.67439627491637;40.45702547659175
5;1207;"COLOMBIA - VICTOR SERNA";"28/06/1990";443022.13936783;4478690.818173456;-3.67200118533389;40.45693011877918
8;893;"GINZO DE LIMIA - FERMIN CABALLERO";"11/11/1978";440040.71953855;4481759.617970469;-3.70745185153123;40.48436527649139
11;647;"AV. OPORTO - AV. ABRANTES";"29/01/1975";438741.968544672;4470752.195368293;-3.72171348625452;40.38511112604724
10;614;"CARAMUEL - JUAN TORNERO";"05/04/1974";438337.876406023;4473707.34964753;-3.72676015714972;40.41170269083312
16;1863;"GRAN VIA DE HORTALEZA - HARO";"18/12/2004";444795.60348371;4479821.633383307;-3.65118448227634;40.46723676501869
18;2008;"AV. ENSANCHE VALLECAS - PEÑARANDA BRACAMONTE";"31/05/2007";448245.660148736;4468856.299282899;-3.60959804535192;40.36867613425091
18;2067;"AV. ENSANCHE VALLECAS - M-45 (OESTE)";"20/11/2008";448487.048135487;4468699.541263636;-3.60674229983953;40.36727889608449
8;1640;"GTA. OLGA RAMOS";"28/06/2000";438687.739110614;4482599.749379964;-3.72349556920675;40.49183463769994
10;4626;"CARAMUEL - CAPRICHOS - P.P.";"16/06/2021";438076.940369117;4472961.78035158;-3.72976280671736;40.40496690877926
12;1404;"AV. CORDOBA - TOMELLOSO";"19/04/1995";440796.730276803;4470397.682589928;-3.69747403303584;40.38206603006998
15;341;"AV. DAROCA - LAGO CONSTANZA";"06/02/1969";445228.242278862;4475308.478210973;-3.6456922300601;40.4266085019731
11;752;"AV. ABRANTES - PL. VULCANO";"07/10/1977";437776.390061668;4469862.814092358;-3.73300175888958;40.37702760796824
11;2034;"REAL - CALDERILLA";"25/10/2007";437127.369300638;4468300.588968574;-3.74049264819343;40.36290563716184
17;1269;"BOHEMIOS - VERBENA PALOMA - MANOJO ROSAS";"29/05/1991";440925.724315054;4467560.709158121;-3.69569161196566;40.35651813836738
16;2103;"AV. MANOTERAS 28 - AV. MANOTERAS";"29/03/2010";443468.526716291;4482162.90511433;-3.66704624206416;40.48823873707869
16;4735;"FCO. PI Y MARGALL - OCTAVIO PAZ P.P.";"21/05/2023";444251.441237415;4482313.8926024;-3.65782206192102;40.48965184619413
13;4854;"AV. RAFAEL ALBERTI - LUIS BUÑUEL";"01/01/1900";445553.639409655;4470809.71615901;-3.64147154726698;40.38610230345571
19;4847;"JOSÉ ESCOBAR Y SALIENTE - IMPERIO ARGENTINA";"01/01/1900";452243.023825138;4472824.62360522;-3.56281409541682;40.40466441829879
19;4851;"VICTORIA KENT - ARROYO DEL CAÑAVERAL";"01/01/1900";452563.438099603;4472179.78987786;-3.55899014347257;40.39887359274582
19;4849;"JOSÉ ESCOBAR Y SALIENTE - VICTORIA KENT";"01/01/1900";452046.770082029;4472540.25593663;-3.56510540792678;40.40209134516827
6;1255;"MARQUES VIANA - FERRELUZ";"20/03/1991";440490.489083794;4479323.36859074;-3.7019168850929;40.46245096177821
15;199;"ALCALA - VIRGEN DEL SAGRARIO";"29/10/1966";445103.86096573;4476079.016149323;-3.64722498973979;40.43354173751983
16;1775;"MESENA - EMILIO RUBIN";"05/02/2004";444017.311384354;4479268.990769785;-3.66031579268742;40.46220621308836
21;1411;"AV. LOGROÑO - TIMON";"24/05/1995";450654.636765031;4480485.888628859;-3.58212727963887;40.47358946079089
1;771;"TOLEDO - CONCEPCION JERONIMA - COLEGIATA";"14/12/1977";439978.133069144;4473881.874635604;-3.70744569781217;40.4133947884174
1;340;"TOLEDO - PL. CEBADA";"10/01/1969";439896.888587908;4473643.657892716;-3.70838070997216;40.41124295744349
8;4584;"PLAZA DEL OBRADOIRO";"22/05/2020";443722.310815135;4484949.291342016;-3.66429946036381;40.51335690205596
16;2149;"FCO. PI Y MARGALL - MARIA TUDOR";"20/11/2012";443880.922717252;4482623.190984148;-3.66222122137678;40.49241317346461
16;2263;"NICETO ALCALA ZAMORA 81 - P.P.";"15/03/2017";444478.957868258;4483256.184397475;-3.65522014439198;40.49815567524875
8;2005;"PALAS DEL REY - PADORNELO";"07/05/2007";443476.923915424;4484249.920900885;-3.66713337251566;40.50704001091927
19;4814;"AV. BLAS DE LEZO - DE LA ILUSIÓN";"28/03/2025";453098.679438859;4472912.22779675;-3.55273713221968;40.40550226426125
18;2259;"RAFAEL LEON - BERNARDINO PANTORBA";"20/02/2017";449002.530169857;4468510.143426671;-3.60065589597698;40.36560435401
2;4603;"Pº IMPERIAL - NATI MISTRAL - FRANCISCO NIEVA";"16/09/2020";439279.22005894;4472760.974878933;-3.71557585088654;40.4032465118163
10;4624;"DANZA - SINFONIA";"17/05/2021";434334.868592372;4469476.21481571;-3.77350006713688;40.37328090887919
15;738;"ALCALA - BOLDANO";"26/07/1977";445698.561245435;4476449.90169842;-3.64024558746915;40.43692192121273
5;1728;"VICTOR SERNA - URUGUAY";"04/09/2002";443066.945674861;4478441.278687413;-3.67145039194806;40.45468522029266
11;1129;"SAN SINESIO - LAGUNA";"16/10/1986";437005.993675127;4471091.148938662;-3.74219784313008;40.38803512251624
9;124;"AV. SENECA - P.P.";"16/06/1964";438630.185370363;4476539.508130007;-3.72358856804867;40.43723756803141
16;4781;"GLORIETA DE JAVIER BELLOSILLO";"26/09/2023";448436.361848337;4482465.81158253;-3.60845593048149;40.49129092223367
4;465;"AV. BRUSELAS - BIARRITZ - BRESCIA";"21/10/1971";443660.842472595;4476425.881827891;-3.66426784487138;40.4365699885397
4;1266;"AZCONA - VILLAFRANCA";"14/05/1991";443532.71193079;4476366.701465132;-3.6657732149005;40.43602817151197
11;4627;"AV. EURO - ENRIQUE ORO";"22/07/2021";437309.520215432;4469320.217877302;-3.73844774827343;40.37210465832962
11;2035;"CALDERILLA - THALER";"25/10/2007";437340.575807868;4468595.002309739;-3.73801069726007;40.36557390495614
11;1874;"AV. EURO - OBOLO";"25/01/2005";437180.227241776;4469066.845517801;-3.73994563860406;40.36981242658489
19;2011;"RIVAS - AV. PARQUE";"04/07/2007";450337.998125876;4471872.359494523;-3.58518937284548;40.39597429645128
20;662;"AMPOSTA - ARCOS JALON";"22/05/1975";447509.356537901;4474836.870564809;-3.6187632614575;40.42250702563143
16;1936;"ANA AUSTRIA - PRINCIPE CARLOS";"08/03/2006";444298.113716765;4482840.973983481;-3.6573177011458;40.49440316060581
16;1937;"INGENIERO EMILIO HERRERA - PRINCIPE CARLOS";"08/03/2006";444667.613332914;4482530.849580088;-3.65293055950507;40.49163413797379
8;1639;"ARROYO DEL MONTE P.P.";"28/06/2000";438390.470852605;4482331.292424414;-3.72697702173797;40.48939428261575
1;9;"ESPARTEROS - MAYOR - P.P.";"01/01/1930";440173.2218515;4474223.513911053;-3.70517858566545;40.41648648173835
16;1556;"TOMAS REDONDO - TUNEL CAMINO CANILLAS";"04/01/1999";446601.279609898;4480377.805033559;-3.62993299858818;40.47236507855005
20;2255;"AQUITANIA - SARRE";"30/11/2016";447989.519798905;4474615.972872076;-3.61308530674583;40.4205471935609
8;2225;"CNO. GANAPANES - BECERREÁ";"25/08/2015";439414.597973253;4480307.334247885;-3.71470008734581;40.47123713669957
11;4628;"AV. EURO - PEPION";"12/04/2021";437293.309539221;4469223.80916675;-3.7386292003964;40.37123494374715
8;1833;"PALAS DEL REY - VALCARLOS";"02/08/2004";443703.646306478;4484038.102956008;-3.66443874243614;40.50514728553838
11;4586;"AV. EURO - DURO";"01/07/2020";436788.886089842;4468576.084985925;-3.74450617643167;40.36536184345258
17;1601;"OROVILLA - FELICIDAD";"11/11/1999";441437.466319605;4467844.527171331;-3.68969152156327;40.3591110301347
9;2243;"ISAAC PERAL - JULIAN ROMEA P.P";"06/04/2016";439017.244906933;4477139.281568439;-3.71908280370548;40.4426690430227
21;1410;"AV. LOGROÑO - ALGEMESI";"24/05/1995";450674.928531171;4480365.21417734;-3.58187852521773;40.47250355842875
18;2061;"AV. ENSANCHE VALLECAS - FERNANDO CHUECA - P.P.";"02/10/2008";449554.416389919;4468000.366961384;-3.59411570919934;40.36104548086219
11;287;"GRAL. RICARDOS - OCA - AV. OPORTO";"07/03/1968";437893.568528031;4471139.048029583;-3.73174588598877;40.38853326267112
4;690;"AV. BRASILIA - AV. BONN";"02/07/1976";443898.116887496;4476638.536972312;-3.66148920932666;40.43850173644219
11;1086;"PL. PARTERRE";"09/12/1983";436257.843171263;4469705.672050706;-3.7508732734924;40.37549724010523
15;1348;"ARTURO SORIA - M-11";"19/11/1992";443717.458440341;4481609.559371498;-3.66406001498627;40.48327087106158
19;2189;"SAN CIPRIANO - OMEGA";"15/06/2015";449307.080105073;4472601.204479517;-3.59739455170885;40.40247812168957
4;1046;"AV. BRASILIA - BRESCIA";"08/02/1982";443927.607121239;4476410.270941094;-3.6611213731127;40.4364473866176
4;691;"AV. BRASILIA - MARTINEZ IZQUIERDO";"02/07/1976";443936.625400708;4476280.234759174;-3.6610035777007;40.43527656087095
11;1576;"VIA LUSITANA 28 - P.P.";"27/04/1999";438710.479497042;4470519.863456646;-3.72206209814129;40.38301585134749
17;1883;"PSO. TALLERES - ARROYO BUENO - P.P";"20/04/2005";440440.660834693;4466634.992509224;-3.70131718686922;40.34814424928082
8;1717;"NTRA. SRA. VALVERDE 96 - P.P.";"14/06/2002";441745.541707617;4483087.534267376;-3.68746033174822;40.49644903019232
16;2088;"AV. ANDES 25";"24/09/2009";447480.260957161;4478537.213943453;-3.61941209438642;40.45584006536983
3;604;"CAVANILLES -ABTAO";"08/01/1974";442722.302377742;4472993.585332653;-3.6750238605086;40.40558597117537
11;4800;"NTRA. SRA. VALVANERA - TORTOLA -P.P.";"04-07-2024";437539.034956133;4471346.00835848;-3.73594301468259;40.3903711475012
10;4857;"MAQUEDA 147 P.P.";"20/04/2005";435314.099725469;4471123.854321293;-3.76213347478241;40.38820009191878
16;4646;"MAR CASPIO - ARZUA - P.P.";"26/11/2021";445144.979472189;4480534.373228707;-3.64712516630951;40.47368061968095
20;2246;"ARCAUTE - YECORA - P.P.";"04/07/2016";451168.660328734;4477140.644499439;-3.57580628609323;40.44348377199607
20;2020;"ARCAUTE - ARAMAYONA";"06/09/2007";450969.428438052;4477143.552081604;-3.57815568721612;40.4434982403425
8;1087;"MONFORTE LEMOS - PL. ARTEIJO";"23/12/1983";440072.135243331;4481142.706210058;-3.70702289804381;40.47881017936677
8;839;"GINZO LIMIA - MONFORTE LEMOS";"01/01/1978";440308.011573046;4481208.442247764;-3.70424644097079;40.47941934296259
8;1818;"CNO. DE SANTIAGO - PORTOMARIN";"02/08/2004";443525.905289217;4484740.231861721;-3.66659902384868;40.51146026236638
20;1167;"ALBERIQUE - AMPOSTA";"19/10/1988";447179.02240104;4475443.401301118;-3.62270743350173;40.42795011693562
17;1453;"PSO. TALLERES - SAN JENARO";"22/03/1996";440274.335976096;4466566.636088227;-3.70326914290361;40.34751656379148
17;2081;"AV. REAL DE PINTO - ARROYO BUENO";"09/09/2009";440028.902063726;4466736.071791291;-3.70617483727384;40.34902533056617
17;1727;"VILLALONSO - PUEBLA SANABRIA P.P.";"22/08/2002";439930.514440789;4466793.248167289;-3.70733867409129;40.34953332904126
13;1096;"AV. ENTREVIAS - MENDEZ ALVARO";"17/09/1984";442652.686019063;4471464.235751985;-3.67570648654728;40.39180395287026
13;236;"AV. DE LA ALBUFERA - PEDRO LABORDE";"13/07/1967";445135.13621464;4471280.377179157;-3.64644247499849;40.39031485537787
13;363;"AV. DE LA ALBUFERA - SANTIAGO ALIO";"01/07/1969";445243.262956339;4471191.636451918;-3.64516092489912;40.38952253845569
11;956;"NTRA. SRA. FATIMA - PINGÜINO";"26/03/1980";436429.442555076;4470152.985516282;-3.74889663831978;40.37953994415368
11;1539;"EUGENIA MONTIJO - EPOCA";"22/07/1998";436543.547230658;4470065.66467964;-3.74754383537876;40.37876201623552
4;19;"MENENDEZ PELAYO - O'DONNELL";"01/01/1960";442314.312283718;4474777.561574595;-3.67999350856663;40.42162879053885
4;343;"O'DONNELL - FERNAN GONZALEZ";"17/03/1969";442789.623087573;4474757.047557489;-3.67438911326654;40.42147680584387
3;547;"MENENDEZ PELAYO - DOCE DE OCTUBRE";"10/01/1973";442506.868686088;4474064.590222493;-3.67765937461506;40.41521930236521
18;2145;"PEÑARANDA BRACAMONTE - AV. SUERTES";"29/11/2012";448424.804480845;4469125.354493472;-3.60750983791508;40.37111107942671
18;2144;"PEÑARANDA BRACAMONTE - ENTREPEÑAS";"29/11/2012";448475.27926279;4469211.881159223;-3.60692231466649;40.37189369516702
18;2184;"AV. SUERTES - ENTREPEÑAS";"18/02/2014";448508.657662836;4469071.93775906;-3.60651786046773;40.37063504723803
18;2106;"AV. SUERTES - RAFAEL LEON";"12/05/2010";449110.76590632;4468674.134096052;-3.59939423217497;40.36708831646804
1;64;"GTA. EMPERADOR CARLOS V - PSO. PRADO";"01/01/1960";441295.233497378;4473393.279450467;-3.69187774354281;40.40908721670071
14;1501;"ENCOMIENDA PALACIOS - PICO ARTILLEROS";"01/10/1997";445423.070791338;4472452.657152892;-3.6431505803711;40.40089439111748
2;1891;"PSO. ACACIAS 15 - P.P.";"21/06/2005";440173.73887184;4472873.507446695;-3.70504555949133;40.40432501477129
5;294;"LOPEZ HOYOS - RAMOS CARRION";"28/03/1968";443213.362151253;4477598.926659891;-3.66964838462123;40.44710692406787
14;2166;"AV. MORATALAZ 137- P.P.";"29/11/2013";444967.970661644;4473107.661727263;-3.64856992190944;40.40676510824422
14;1033;"HACIENDA PAVONES - CORREGIDOR ALONSO TOBAR - P.P.";"06/11/1981";445002.732808073;4472814.521167685;-3.6481349326303;40.40412662166273
14;626;"HACIENDA PAVONES - CAÑADA";"26/07/1974";445317.808010466;4472743.813159741;-3.64441596514201;40.40351039432667
9;1587;"PICO OCEJON - OSA MAYOR";"07/06/1999";433189.257819059;4478997.752854885;-3.78799359596573;40.45896274343332
15;687;"POETA BLAS DE OTERO - MARIA TERESA SAENZ DE H.";"21/04/1976";444428.966884271;4474768.418559121;-3.65506693295065;40.42169034161157
1;42;"PLAZA DE COLON";"01/01/1960";441427.412555221;4475184.24760311;-3.69048494658091;40.42523045720819
14;1923;"ARROYO FONTARRON 24 - P.P. - COLEGIO";"08/02/2006";446227.799856967;4471818.965719408;-3.63361445061662;40.3952380558661
20;1494;"GTA. RICARDO VELAZQUEZ BOSCO";"29/07/1997";446911.462739443;4477629.373067915;-3.62604415801838;40.447625587945
20;2212;"ALBASANZ - ALFONSO GOMEZ";"09/06/2015";446747.736850422;4476489.77024248;-3.62787924879033;40.43734892455599
16;4738;"FCO. PI Y MARGALL - INFANTA CATALINA MICAELA P.P.";"16/05/2023";444665.956017738;4482078.5083288;-3.65291062105254;40.48755913299636
1;35;"SAGASTA - FRANCISCO ROJAS";"01/01/1960";440672.348591665;4475541.96977762;-3.69941880032838;40.42839948398821
17;2110;"TERTULIA - FELICIDAD";"02/09/2010";441180.134892612;4467833.432873232;-3.69272088384042;40.35899297505271
17;769;"ALCOCER - EDUARDO BARREIROS - SAN JENARO";"29/09/1989";440145.670823379;4466868.863491925;-3.70481240773284;40.35022998076678
7;1549;"FERNANDO CATOLICO - HILARION ESLAVA";"28/10/1998";439211.591555679;4476227.01770501;-3.71670404397335;40.43446522596756
7;1882;"FERNANDEZ DE LOS RIOS - HILARION ESLAVA";"14/04/2005";439217.966194021;4476337.930409022;-3.71663949970306;40.43546483980406
9;4600;"VENTURA RODRIGUEZ-JUAN ALVAREZ MENDIZABAL";"12/09/2020";439397.883469295;4475098.71441001;-3.71440023271279;40.42431457912003
8;1847;"MONTECARMELO - MONASTERIO EL ESCORIAL";"08/11/2004";440798.705202206;4483988.991541038;-3.69871741071973;40.50450266982384
5;733;"AGUSTIN FOXA - VASCONCELOS";"20/06/1977";441923.193414568;4480217.937569527;-3.68510112602424;40.47061100041874
8;1661;"ARZOBISPO MORCILLO - JULIO PALACIOS";"21/12/2000";441179.116362141;4481441.702781015;-3.69399150155414;40.48158280653323
6;2152;"PSO. CASTELLANA - MONFORTE LEMOS";"14/02/2013";441772.241804334;4480714.097454827;-3.68692724703885;40.47507004706904
5;193;"LOPEZ HOYOS - CARTAGENA - GRAL. ZABALA";"21/09/1966";442678.7784397;4477125.340523693;-3.67590923526468;40.44280394477733
11;754;"AV. ABRANTES - FARO";"07/10/1977";438294.936127293;4470379.314438076;-3.72694370105241;40.38171904821245
20;1885;"SUECIA - SAN MARINO";"05/05/2005";448359.356677284;4474786.133963267;-3.6087398228054;40.42210314713764
20;2042;"ESFINGE - NECTAR";"26/12/2007";448301.555327473;4477202.436288272;-3.60961769637591;40.44386709749926
20;1889;"AV. CANILLEJAS A VICALVARO - BUTRON";"03/06/2005";448117.039067003;4475133.981417337;-3.6116244908939;40.42522170074938
11;966;"AV. ABRANTES - PELICANO";"28/04/1980";438468.167375984;4470561.135902015;-3.724920587375;40.38336979416312
13;1239;"PUERTO DE BALBARAN - MARTELL";"15/11/1990";443086.169353144;4470792.784444247;-3.67053921910104;40.38578486354164
18;2065;"AV. ENSANCHE VALLECAS - VILLAR POZO - P.P.";"29/10/2008";447761.195821728;4469239.036851682;-3.61533544706941;40.3720938857223
18;2052;"AV. ENSANCHE VALLECAS - GAVIA";"04/07/2008";447895.651801214;4469083.973511294;-3.61373906572833;40.37070538162607
18;2058;"AV. ENSANCHE VALLECAS - PUEBLANUEVA - P.P.";"12/09/2008";448082.513622284;4468970.851362124;-3.61152892080589;40.36969795630041
8;1088;"MONFORTE LEMOS - PL. FONSAGRADA";"23/12/1983";439947.83285319;4481112.163231859;-3.70848640630859;40.47852605730007
8;4572;"MONFORTE DE LEMOS 72-74 P.P.";"17/07/2019";439518.919720415;4481014.396003731;-3.7135369630117;40.4776142075016
2;1839;"PSO. MELANCOLICOS - SAN EPIFANIO";"03/09/2004";438985.138321413;4472609.135548078;-3.71902670183553;40.40185717419625
8;1044;"FERMIN CABALLERO - ESQUIVIAS - COLEGIO - P.P.";"14/01/1982";439681.289111133;4481535.589655311;-3.71167110030129;40.48232111538166
12;1621;"ANTONIO LOPEZ, 193 - P.P.";"02/03/2000";440932.044766265;4470636.779212451;-3.69590216942726;40.38422954466269
16;2176;"INGENIERO EMILIO HERRERA - PINTOR LUCIO MUÑOZ";"22/05/2014";443961.804694056;4481787.805995091;-3.66119298930214;40.48489312379021
4;1698;"CAMILO JOSE CELA - MARQUES AHUMADA";"16/01/2002";443395.153175785;4476458.850365117;-3.6674031949303;40.43684894445951
5;1080;"PUERTO RICO - URUGUAY";"23/08/1983";442839.193937342;4478491.783642893;-3.6741407949008;40.45512455985859
4;438;"DR. ESQUERDO - JORGE JUAN";"12/03/1971";443261.958202954;4474930.719403928;-3.66883714005021;40.42307367525762
1;2185;"MEJIA LEQUERICA - BARCELO";"26/02/2014";440721.310684437;4475401.52453809;-3.69882852703403;40.42713777859165
3;1540;"LIRA - CRUZ SUR-LEO";"21/08/1998";443250.222541653;4473301.690617712;-3.6688301429725;40.40839770631139
3;2047;"FERNANDEZ SHAW - FEDERICO MORENO TORROBA";"12/05/2008";443294.032120211;4472854.992185636;-3.66827405240257;40.40437658462852
3;913;"PEZ VOLADOR - PEZ AUSTRAL";"14/03/1979";443476.40364034;4473962.620923211;-3.66622334993107;40.41436711842547
2;1481;"PSO. CHOPERA - FERNANDO POO";"07/02/1997";440575.255652332;4471819.238843956;-3.7002156593887;40.39485638567376
2;2049;"AV. PLANETARIO 20 - P.P.";"04/06/2008";441702.403847618;4471209.280371331;-3.68687928823783;40.38944120869606
13;2045;"CTRA. VICALVARO VALLECAS - BRUNO ABUNDEZ";"21/08/2013";446698.429171037;4470473.987722069;-3.62795664826774;40.38315186878832
13;987;"ACCESO A-3 - AV. DEMOCRACIA";"05/02/1981";447201.335335873;4471256.282100381;-3.62209697840475;40.3902313185593
18;2043;"AV. ENSANCHE VALLECAS - RAFAEL LEON - P.P.";"22/02/2008";448936.687520861;4468408.138029292;-3.60142319253766;40.36468138423482
18;2271;"AV. ENSANCHE VALLECAS - M-45 (ESTE)";"20/11/2008";448596.638898471;4468624.368192473;-3.60544550003253;40.3666084470023
13;4612;"COCHERON DE LA VILLA - TRANVIA DE ARGANDA";"10/06/2021";446203.231727892;4470352.978708187;-3.6337801164311;40.38202991462471
18;2062;"AV. ENSANCHE VALLECAS - C.D. RAYO VALLECANO - P.P.";"29/10/2008";447833.041008709;4469781.684590619;-3.61453361879705;40.37698693541648
18;2063;"AV. ENSANCHE VALLECAS - AV. SUERTES";"29/10/2008";447764.131475333;4469559.477460205;-3.6153271271176;40.37498082272965
9;931;"CTRA. HUMERA  A ARAVACA - RIAZA";"13/11/1979";433844.93664809;4478715.619387672;-3.78023152888824;40.45647367124555
9;1409;"ARROYO POZUELO - GOLONDRINA";"19/05/1995";433423.588644497;4478221.240409715;-3.78514861636698;40.45198653674983
9;1382;"ARROYO POZUELO - BARDEGUERAL";"12/10/1993";434550.657849322;4478147.868528217;-3.77185046070413;40.45141509308453
9;751;"OSA MAYOR - PL. ROLLO";"04/10/1977";433432.029820784;4479019.086134003;-3.78513273517129;40.45917440171277
2;2208;"RONDA SEGOVIA - MANZANARES";"09/02/2015";439143.290254084;4473849.13599609;-3.71728168641847;40.41303924173454
15;1004;"TORRELAGUNA - ARTURO BALDASANO - P.P.";"15/04/1981";443966.13966588;4478541.613950906;-3.66085511353456;40.45565020008615
15;724;"ACCESO M-30 - TORRELAGUNA";"16/04/1977";443990.724928766;4478129.938558253;-3.66052886019229;40.45194328189251
15;1474;"TORRELAGUNA - SORZANO";"25/10/1996";444098.966930966;4478011.25756121;-3.65924197215847;40.45088143084424
15;1452;"JOSE SILVA - AGASTIA";"21/03/1996";444151.048829045;4478436.127937301;-3.6586651793598;40.45471237629454
11;4594;"VIA - STA. LUCRECIA - EVORA";"22/07/2020";438911.998159312;4470856.279442397;-3.71972040719647;40.38606125046127
11;4597;"VALLE DE ORO - FERREIRA";"22/07/2020";438075.705128071;4471095.083361343;-3.72959582061809;40.38815076743943
8;1528;"CRA. PARDO - PALACIO ZARZUELA";"08/06/1998";436075.944314205;4482251.368677884;-3.75427758865448;40.48849930109245
20;1779;"NICOLASA GOMEZ - NECTAR";"05/03/2004";447954.494775073;4476963.504279281;-3.6136903674842;40.44169300328684
20;1780;"NICOLASA GOMEZ - CANAL BOSFORO";"05/03/2004";448030.837387434;4476780.441507465;-3.61277525396164;40.44004863935948
8;1848;"MONTECARMELO - MONASTERIO SILOS";"08/11/2004";440837.81170254;4483895.253088443;-3.69824713586025;40.50366103103963
20;2165;"AV. GUADALAJARA - AUSTRIA";"20/05/2013";448412.483850274;4474988.795720273;-3.60813003466268;40.42393214827539
20;6;"SAN HILARIO - AV. LUIS ARAGONES";"16/12/2011";448676.279292741;4477461.965735666;-3.60522023163244;40.44622831169853
16;4766;"AVDA. DE LAS FUERZAS ARMADAS 298-P.P";"27/10/2023";447202.320853196;4481472.04287318;-3.62293414930999;40.4822609697416
16;4768;"GLORIETA DE ANTONIO PERPIÑÁ OESTE";"27/10/2023";447535.154367941;4481473.92328852;-3.61900758229543;40.48229900711147
21;4828;"GLORIETA DE ANTONIO PERPIÑÁ ESTE";"27/10/2023";447671.268585832;4481476.1927553;-3.61740191176796;40.48232804122371
21;4830;"AVDA. DE LAS FUERZAS ARMADAS-ESTACIÓN-P.P";"27/10/2023";447811.23933744;4481470.084525072;-3.61575005100728;40.48228182472908
2;2124;"MAESTRO ARBOS - P.P.";"04/03/2011";440974.425302988;4471031.216529118;-3.69543944840285;40.38778585062084
2;4553;"Pº CHOPERA - AGUILON";"21/02/2019";440475.349673442;4471913.737068025;-3.70140162491217;40.39570053952566
3;1791;"CERRO NEGRO - CALIFORNIA - P.P.";"10/06/1995";442967.8978472;4471973.292913775;-3.67203827226999;40.39641147038959
2;636;"PTE. PRAGA - M-30 INTERIOR SALIDA";"11/11/1974";440276.378107686;4471983.273633014;-3.70375253739542;40.39631271526244
2;637;"PTE. PRAGA - M-30 INTERIOR ENTRADA";"11/11/1974";440299.187406618;4471973.676928755;-3.70348288373742;40.39622789871488
5;4575;"COSTA RICA - ACC.M-30, P.P";"23/09/2019";443485.382072317;4478992.375717537;-3.66656486668239;40.45967832429075
1;670;"RDA. SEGOVIA - GIL IMON - P.P.";"09/09/1975";439303.386650061;4473300.354612187;-3.71534251603354;40.40810725780429
2;529;"PSO. IMPERIAL - RDA. SEGOVIA";"11/10/1972";439051.147230654;4473616.996768158;-3.71834540243914;40.41094128488304
6;2090;"PSO. CASTELLANA - SAN BENITO";"11/10/2009";441574.846647942;4479934.48427134;-3.68918400170544;40.46803310642441
2;1115;"MENDEZ ALVARO - COMERCIO - BUSTAMANTE";"24/03/1986";441867.195384628;4472370.082439315;-3.68504376802855;40.39990985864321
2;463;"PL. ORTEGA Y MUNILLA";"14/10/1971";439694.121159807;4472697.786441197;-3.71068073939021;40.40270743441898
3;140;"ALFONSO XII - MENDEZ NUÑEZ - FELIPE IV";"17/07/1965";441550.441468942;4474078.990894129;-3.68893313647737;40.41528241119932
6;182;"BRAVO MURILLO - MARQUES VIANA";"04/07/1966";440780.686922283;4479112.245122239;-3.69847453318827;40.46056980848324
5;218;"PPE. VERGARA - COLOMBIA";"19/04/1967";442600.000869178;4478714.701897866;-3.6769817496794;40.4571162246906
5;370;"PSO. HABANA - ALBERTO ALCOCER";"24/07/1969";442182.94123096;4478881.204748007;-3.68191543192212;40.4585872461603
9;356;"FERRAZ - QUINTANA - BUEN SUCESO";"12/06/1969";439045.687719764;4475450.492803544;-3.71858546330521;40.42745782136694
8;2121;"MONASTERIO EL ESCORIAL - SANTUARIO VALVERDE";"07/02/2011";439941.940376876;4484003.669446475;-3.70882995514096;40.50457331563801
8;8;"AV. SANTUARIO VALVERDE - MONASTERIO SOBRADO";"25/03/2011";441145.497770891;4484624.902112285;-3.69468381832849;40.5102558461132
8;2187;"AV. SANTUARIO VALVERDE - MONASTERIO DE MONTESCLAROS";"15/04/2014";440480.930408146;4484090.239217822;-3.70247716507692;40.5053920069395
6;4566;"LOPE HARO -BERRUGUETE";"01/07/2019";440305.663967231;4478696.541474926;-3.7040377964428;40.45679099215298
6;1992;"PSO. DIRECCION - PSO. DIRECCION";"02/04/2007";440083.717814625;4479602.972413151;-3.70674082142098;40.4649405094853
2;1875;"PSO. PONTONES - ALEJANDRO DUMAS";"01/02/2005";438980.029879167;4472866.342444602;-3.71911155442555;40.40417383855497
2;410;"TOLEDO - SANTA CASILDA";"11/07/1970";439536.73099328;4472927.751542987;-3.71255722898308;40.40476765484944
16;1251;"MOSCATELAR - PARMA";"18/02/1991";444925.698543827;4478700.463944881;-3.64955269431156;40.45714534396533
16;1204;"MOSCATELAR - ASURA - ULISES";"15/06/1990";444538.224713637;4478679.212020145;-3.65412046721959;40.45692812717308
16;759;"CTRA. CANILLAS - PEGASO";"21/10/1977";444969.229662926;4479341.369255251;-3.64909488274811;40.46292182654439
16;1146;"CTRA. CANILLAS - TORQUEMADA";"12/06/1987";445792.630724215;4479596.087648454;-3.63940510030303;40.46527058933953
16;1131;"CTRA. CANILLAS - EMIGRANTES";"24/11/1986";446089.210246846;4479595.402132882;-3.63590693197097;40.46528371186606
16;1242;"SILVANO - LICEO FRANCES - P.P.";"14/12/1990";445510.484489453;4478937.373205159;-3.64267641181346;40.45931809459375
1;542;"HORTALEZA - MEJIA LEQUERICA";"30/11/1972";440858.894103661;4475270.141857186;-3.69719446707568;40.42596401403335
1;2096;"HORTALEZA - SERRANO ANGUITA";"15/12/2009";440893.422950818;4475335.772221589;-3.69679354817177;40.42655769701932
16;1414;"AYACUCHO - C.O.E. - P.P.";"30/05/1995";446246.047397287;4480056.829383777;-3.63409615375951;40.469450650962
16;1335;"ACONCAGUA - NEVADO CUMBAL";"28/08/1992";446481.607764395;4479980.766151181;-3.63131116385687;40.46878064354244
16;1285;"GLORIETA CHARALA";"01/10/1991";445756.858223487;4480396.042186738;-3.63989542712114;40.4724746511684
10;4760;"LOS YEBENES, 6 - P.P.";"19/07/2023";435923.909218981;4472134.785161056;-3.7550509671592;40.39735409467212
1;37;"GENOVA - ZURBANO - ARGENSOLA";"01/01/1960";441145.440776831;4475349.176019507;-3.6938240171129;40.42669631174461
1;430;"GENOVA - CAMPOAMOR";"01/12/1970";441062.700334259;4475405.551086723;-3.69480458496466;40.42719830744348
7;344;"FERNANDO SANTO - ZURBANO";"02/04/1969";441154.177879735;4475515.58450767;-3.69373642748111;40.42819601628982
7;107;"ALMAGRO - ZURBANO - ZURBARAN";"28/09/1963";441163.818826394;4475668.862577314;-3.69363696416387;40.42957749935547
2;2133;"GRAL. LACY - CANARIAS";"25/05/2012";441372.76616133;4472573.376399233;-3.69088850222801;40.40170657304972
3;141;"ALFONSO XII - ALBERTO BOSCH";"17/07/1965";441553.714916737;4473935.59770164;-3.68888138148745;40.41399088309092
7;207;"AV. FILIPINAS - JESUS MAESTRO";"25/02/1967";439750.478234311;4476832.498807589;-3.71040836749155;40.43995886985466
2;857;"GRAL. LACY - RAMIREZ PRADO";"01/01/1978";441356.009583789;4472360.485342845;-3.69106634356613;40.39978755961838
2;2019;"RAMIREZ PRADO - JUAN MARTIN EL EMPECINADO";"28/08/2007";441593.784081086;4472308.927608957;-3.68825984840795;40.39933981161623
2;4625;"RAMIREZ PRADO - JUAN DE MARIANA";"22/04/2021";441726.134275023;4472297.7776884;-3.68669931720476;40.39924863948967
2;1145;"PSO. PONTONES - SANTA CASILDA";"04/06/1987";439356.598791383;4472991.161166452;-3.71468596527844;40.40532577736579
2;775;"PL. FRANCISCO MORANO";"01/01/1978";439238.564506707;4472904.171262734;-3.71606859851276;40.40453352584804
5;1133;"LOPEZ HOYOS 59";"16/01/1987";442580.787766473;4477050.315754234;-3.67705784497677;40.44212132422528
5;295;"LOPEZ HOYOS - MARCENADO - EUGENIO SALAZAR";"28/03/1968";442928.149368602;4477360.354475339;-3.67299005943826;40.44493821926029
5;586;"LOPEZ HOYOS - CARDENAL SILICEO";"17/07/1973";443034.214657506;4477444.129177548;-3.67174693475543;40.44570017673882
5;812;"ALFONSO XIII - PARAGUAY";"01/01/1978";443052.967897318;4479054.932861092;-3.67167028163274;40.46021234682253
9;1403;"ANTONIO MACHADO - CENTRO CULTURAL - P.P.";"15/03/1995";438977.961441559;4479814.178745233;-3.71980308339414;40.46676265286342
8;2153;"MONFORTE LEMOS - CANDIDO MATEOS - R.  CASTROVIEJO";"06/03/2013";439019.865038786;4480864.757703719;-3.71940982738465;40.47622971799613
8;1986;"VALLE DE MENA - CNO. GANAPANES";"02/04/2007";439427.524909136;4480135.348955047;-3.71453118335131;40.46968877298382
8;1929;"CNO. GANAPANES - CHANTADA";"01/03/2006";439384.55884736;4480523.977277253;-3.71507512215379;40.47318654405507
8;1211;"LA BAÑEZA - CNO.  GANAPANES";"17/07/1990";439313.866769693;4480816.420542606;-3.71593699022223;40.47581581531213
8;1331;"MONFORTE LEMOS - CNO. GANAPANES";"12/08/1992";439285.863828199;4480931.383785919;-3.71627833286318;40.47684939815646
8;1922;"CHANTADA - CANDIDO MATEO";"30/01/2006";439154.567131427;4480522.264909369;-3.71778794861311;40.47315430180507
6;2258;"PSO. DIRECCION - ALBERDI";"29/12/2016";439972.253934904;4479689.380569881;-3.70806366952964;40.46571086163061
20;1343;"AV. ARCENTALES - COLEGIO CHILE - P.P.";"29/10/1992";447030.666762965;4475384.757217407;-3.62445141612365;40.42741238282437
13;959;"EMBAJADORES - A-4 - PASO INFERIOR";"09/04/1980";442521.144689461;4468987.095311278;-3.67703285864374;40.36947937289338
13;960;"CTRA. VILLAVERDE A VALLECAS - EMBAJADORES";"16/04/1980";442841.011695775;4468619.138858991;-3.67323246745415;40.36618659259613
13;716;"CTRA. VILLAVERDE A VALLECAS - CAMINO BARRIO CELSA";"28/12/1976";443677.891992334;4468792.511823158;-3.66339143171613;40.36780540158649
20;732;"POBLADURA VALLE - SAN ROMAN VALLE";"17/06/1977";447105.031460352;4474941.126758153;-3.62353787855118;40.42342062333855
20;527;"POBLADURA VALLE 13 - PEONES - P.P.";"14/09/1972";447469.93059968;4475246.436669207;-3.61926182769438;40.42619416002169
21;4829;"GLORIETA DE ANTOÑETE - OESTE";"27/10/2023";448367.171102376;4481472.42602991;-3.60919142435619;40.48233767525941
21;4833;"GLORIETA DE ANTOÑETE -NORTE";"26/09/2023";448434.03047812;4481551.52726318;-3.60840905812734;40.48305441688967
20;1159;"ALCALA - SAN ROMUALDO";"25/04/1988";447121.367808533;4476984.775155782;-3.62351533975751;40.44183205828088
20;1182;"SAN ROMUALDO - JULIAN CAMARILLO";"10/11/1989";447323.420822319;4476465.63092663;-3.62108993493665;40.43716812785915
20;1190;"SAN ROMUALDO - CRONOS";"28/02/1990";447352.973070975;4476357.614830988;-3.62073256562205;40.43619692638354
16;1876;"CTRA.  CANILLAS - SANTO ANGEL";"01/02/2005";444409.107692312;4479387.301791287;-3.65570520724804;40.46329832215982
15;1897;"AGASTIA - FERNANDEZ CARO";"02/08/2005";445150.862332196;4477125.13292076;-3.64676118074643;40.44296882680754
4;258;"PPE. VERGARA - GRAL. ORAA";"01/01/1968";442389.336703724;4476369.113503786;-3.67925342144945;40.43597148242993
4;319;"PL. MARQUES SALAMANCA";"28/08/1968";442342.050403922;4475721.180862441;-3.67975212940757;40.43013130991821
4;4545;"DR.ESQUERDO-MARQUES ZAFRA";"13/12/1962";443305.543688835;4475356.631310897;-3.66836135782644;40.42691348438832
15;1719;"GENERAL  ARANAZ - JOSEFA VALCARCEL";"01/07/2002";445091.317343975;4477748.752056889;-3.6475171821683;40.44858278853443
4;261;"JOSE ORTEGA GASSET - CASTELLO";"01/01/1968";442225.047494929;4475726.050659817;-3.6811318727367;40.4301670612259
4;136;"GOYA - CASTELLO";"21/06/1965";442186.848889189;4475161.609523444;-3.68153085170258;40.42507964128087
4;133;"GOYA - GRAL. PARDIÑAS";"21/06/1965";442430.76774009;4475144.626256082;-3.67865406614867;40.42494356128847
4;134;"GOYA - GRAL. DIAZ PORLIER";"21/06/1965";442552.829095932;4475135.692073639;-3.67721443584023;40.42487151474463
4;869;"GOYA - LOMBIA";"01/01/1978";442943.487652687;4475105.08536379;-3.67260672341353;40.42462267630965
3;330;"MENENDEZ PELAYO - PIO BAROJA";"08/11/1968";442573.562197299;4473808.761579442;-3.6768502310161;40.41291926781057
4;216;"ALCALA - LOMBIA - MONTESA";"10/04/1967";442948.975960374;4475284.562144593;-3.67255813352174;40.42623987223777
4;559;"ALCALA - BOCANGEL";"09/04/1973";443677.286585239;4475744.002354898;-3.66401354433876;40.43042837773013
4;558;"ALCALA - ALMERIA";"09/04/1973";443738.508605231;4475776.887815584;-3.66329472731258;40.4307287703442
4;146;"ALCALA - AV. TOREROS";"24/08/1965";443856.402376312;4475843.279296658;-3.66191077122195;40.43133482548094
6;872;"EDGAR NEVILLE - REINA MERCEDES";"01/01/1978";440923.164306516;4478038.506187824;-3.69669425305893;40.45090725502373
6;984;"AVIADOR ZORITA - REINA MERCEDES";"09/01/1981";440787.725038888;4478051.463021358;-3.69829258671102;40.45101433875413
6;223;"BRAVO MURILLO - JAEN - JUAN PANTOJA";"13/05/1967";440346.241249112;4477953.544151598;-3.70348945204982;40.45010067815122
6;58;"GTA. CUATRO CAMINOS";"01/01/1960";440301.67517035;4477607.183048677;-3.70398241807812;40.44697731208517
6;359;"RAIMUNDO FERNANDEZ - AVIADOR ZORITA";"23/06/1969";440753.437149499;4477558.972019883;-3.69865097114662;40.44657532440344
6;796;"ORENSE - HERNANI";"01/01/1978";441028.557362863;4477703.839825443;-3.69542036003814;40.44789991829622
9;1176;"GTA. PRESIDENTE GARCIA MORENO";"28/07/1989";439386.181227915;4477487.725342032;-3.71476603462221;40.44583494351697
9;449;"AV. MONCLOA - JUAN XXIII";"15/06/1971";439095.814118135;4477589.959123651;-3.71819962992551;40.44673468520906
9;1256;"JUAN MONTALVO - BEATRIZ BOBADILLA";"20/03/1991";439455.3821815;4477586.348002496;-3.71395946919794;40.44672841881702
2;848;"MENDEZ ALVARO - M-30";"01/01/1978";442532.978753989;4471578.128348269;-3.67712714565924;40.3928217108999
8;622;"AV. BETANZOS - RIBADAVIA";"17/06/1974";439609.54057723;4480387.95354523;-3.71240827686197;40.47197758105855
5;388;"AGUSTIN FOXA - ENRIQUE LARRETA";"14/11/1969";441782.056685265;4480026.599245566;-3.68674836856955;40.46887746437942
8;378;"AV. BETANZOS - MELCHOR FERNANDEZ ALMAGRO";"04/09/1969";439721.426148563;4480734.199898343;-3.71112139803881;40.47510482287418
8;844;"MELCHOR FERNANDEZ ALMAGRO - GINZO LIMIA";"01/01/1978";440379.598801433;4480933.505950762;-3.70337606564782;40.47694775636127
8;1036;"MONFORTE LEMOS - PEDRO RICO";"20/11/1981";441408.334013203;4481135.416588023;-3.69125898764918;40.47883986548894
8;1500;"MONFORTE LEMOS - POLIDEPORTIVO - P.P.";"24/09/1997";441157.833494108;4481195.591393759;-3.69421974783513;40.47936423125128
5;698;"MAURICIO LEGENDRE - VASCONCELOS";"15/07/1976";441833.749413592;4480259.039082976;-3.68615994614782;40.47097500162324
10;1363;"CJAL. FRANCISCO JOSE JIMENEZ M. - A. MORAN";"16/04/1993";436660.21067875;4472474.167521522;-3.7464091065063;40.40046771788403
10;1029;"CEBREROS - CARLINA - ACC. A-5";"01/10/1981";436299.27794634;4472855.513898117;-3.75070022862884;40.40387550594671
12;1658;"AV. POBLADOS - COLEGIO PRADOLONGO";"21/12/2000";439814.548787708;4469337.328149576;-3.70894415494452;40.37244343816484
12;1688;"RAFAELA YBARRA - SIMCA";"25/09/2001";439514.22382031;4468676.787927005;-3.71241886026039;40.36647120351504
8;830;"AV. CARDENAL HERRERA ORIA - ISLA SICILIA P.P.";"01/01/1978";441125.160079175;4482428.924313379;-3.69471974713236;40.49047224952123
8;2109;"AV. CARDENAL HERRERA ORIA 76 - P.P.";"20/07/2010";441672.390120933;4482492.95837866;-3.68826880182686;40.49108772635012
8;1851;"MONASTERIO SILOS - MONASTERIO MONTESCLAROS";"11/11/2004";440463.180544177;4483861.870046047;-3.70266517481106;40.50333350706056
18;2135;"CTRA. VILLAVERDE - TORRE DON MIGUEL - P.P.";"28/06/2012";445394.329841007;4469110.501867432;-3.6432027832974;40.37078426187185
18;884;"PL. SAN JAIME  P.P.";"06/07/1978";446913.972065823;4470218.41452425;-3.62539614484233;40.38086325537325
4;871;"O'DONNELL - LOPE RUEDA";"01/01/1978";442524.943989894;4474776.983707375;-3.67751071436727;40.42163816066042
4;502;"O'DONNELL - MAIQUEZ";"20/03/1972";442921.483488288;4474746.312853206;-3.67283389683253;40.42138915771564
9;756;"OSA MAYOR - PLEYADES";"11/10/1977";433507.947049066;4479013.255536457;-3.78423680191241;40.45912795631088
5;672;"ALFONSO XIII - ALHELIES";"08/10/1975";443450.435717241;4478463.085743297;-3.66692986608464;40.45490785019103
11;1069;"GRAL. RICARDOS - NTRA. SRA. LUZ";"09/02/1983";437018.208211839;4470516.62789631;-3.7419971459161;40.3828605054304
11;1913;"GRAL. RICARDOS - REINOSA";"11/11/2005";436903.36245724;4470455.760806787;-3.74334402432542;40.38230349860513
3;605;"CAVANILLES - SANCHEZ BARCAIZTEGUI";"08/01/1974";442825.51729474;4472928.679593767;-3.67380171068986;40.40500835944718
11;128;"AV. OPORTO - SAN VICENTE PAUL";"23/11/1964";438379.297715883;4470827.86742606;-3.72599329936301;40.38576607140881
11;346;"AV. OPORTO - PORTALEGRE";"12/04/1969";438581.322248126;4470786.917717805;-3.72360935029594;40.3854120945538
13;1743;"AV. PABLO NERUDA - MALGRAT DE MAR";"04/02/2003";445589.325387078;4471556.638431756;-3.64111493467102;40.39283338103639
8;2276;"AV. HERRERA ORIA - SALCEDO";"29/09/2017";441330.345113771;4482462.40340016;-3.69230184292153;40.49078836968494
17;1525;"AV. ROSALES - CONCEPCION OLIVA";"08/06/1998";442213.659189479;4467289.27709748;-3.68050061489596;40.35416314731714
14;1858;"HACIENDA  PAVONES - VALDEBERNARDO";"17/11/2004";446346.054666588;4472330.374605917;-3.63226419425204;40.39985277724873
14;1742;"FUENTE CARRANTONA - JOSE BERGAMIN";"30/01/2003";446573.374010307;4473515.525393066;-3.62968507781492;40.41054397217197
14;1142;"FUENTE CARRANTONA - DR. GARCIA TAPIA";"12/05/1987";446435.495981971;4473191.685641598;-3.63128275189377;40.40761776318747
20;1963;"SUECIA - BUCAREST";"01/08/2006";448738.284632071;4475221.543168928;-3.6043083595651;40.42604902266277
13;727;"AV. ENTREVIAS - HERNANDEZ MAS - IMAGEN";"06/06/1977";443192.656490379;4470411.130873189;-3.66925067657851;40.38235397172004
13;462;"AV. SAN DIEGO 68 - P.P.";"09/10/1971";443132.974421593;4471077.205391574;-3.67001320348596;40.38835028887647
13;728;"AV. ENTREVIAS - LA MANCHA";"06/06/1977";443233.936129487;4470338.601352165;-3.66875792863546;40.38170339621598
13;1966;"AV. ENTREVIAS - MEMBEZAR - P.P.";"02/08/2006";443351.636082546;4470194.545945982;-3.66735859478207;40.38041366948854
13;964;"AV. ENTREVIAS - SERENA - BENAMEJI";"18/04/1980";443507.615833244;4470047.150175044;-3.66550809210768;40.37909642903406
13;1084;"AV. ENTREVIAS - VILLACARRILLO - P.P.";"14/11/1983";443832.158524765;4469818.525967775;-3.66166491284941;40.37705878071245
13;1495;"PUERTO DE BALBARAN - CANDILEJAS - P.P.";"29/07/1997";443469.904819285;4470167.302181562;-3.66596297627039;40.38017627309359
9;926;"AV. JUAN XXIII - RAMIRO MAEZTU - B.BOB.";"17/07/1979";439256.188534913;4477861.731811412;-3.71633458302055;40.44919465518425
9;1198;"RAMIRO MAEZTU - RECTORADO";"23/04/1990";439060.64999552;4477855.032939981;-3.71863969906244;40.44911999755728
8;539;"AV. CARDENAL HERRERA ORIA - PICO BALAITUS";"22/11/1972";438922.815742112;4481411.538219371;-3.72060734039284;40.48114817183983
11;320;"AV. OPORTO - CNO. VIEJO LEGANES";"16/09/1968";438234.421087909;4470882.890576634;-3.72770538878276;40.38625101785078
11;973;"PORTALEGRE - VALLE ORO - VIA";"06/08/1980";438619.336729526;4470965.258459625;-3.72317869634827;40.38702147523416
15;596;"ARTURO SORIA - LOPEZ DE HOYOS";"18/09/1973";444037.727999739;4478943.533849523;-3.66004629724804;40.45927571486975
15;1113;"ARTURO SORIA - BELISANA";"05/03/1986";444229.751737849;4478719.658233853;-3.65776194789545;40.45727184276788
15;579;"ARTURO SORIA - JOSE SILVA - ULISES";"17/07/1973";444340.871665238;4478559.552549772;-3.65643742830294;40.45583698087312
15;1230;"ARTURO SORIA - EMETERIO CASTAÑOS";"26/09/1990";443721.884498918;4479234.60681878;-3.66379708231339;40.46187650875231
15;1283;"ARTURO SORIA - EMILIO RUBIN";"19/09/1991";443847.034663604;4479114.691153317;-3.66231042741226;40.46080471812337
15;584;"ARTURO SORIA - NAVARRO AMANDI";"17/07/1973";443955.299529535;4479019.478908054;-3.66102514324616;40.45995430950463
16;906;"LOPEZ DE HOYOS - MESENA";"15/02/1979";444109.020505113;4479188.893681606;-3.65922709781269;40.46149083372644
1;4858;"CARRANZA -RUIZ P.P";"15/07/2025";440319.743868402;4475636.981841546;-3.7035843112193;40.42923017412195
16;994;"CARRIL CONDE 80 - P.P.";"16/02/1981";444540.57647401;4479186.542815708;-3.65413705983593;40.46149857230973
16;950;"CTRA. CANILLAS - CARRIL CONDE";"22/02/1980";444641.651464972;4479409.066630108;-3.65296437697592;40.46350991696782
16;888;"CTRA. CANILLAS - MATAPOZUELOS - P.P.";"21/09/1978";444775.171659041;4479359.138020541;-3.65138522754039;40.46306902077649
5;132;"PL. SAGRADOS CORAZONES";"10/05/1965";441835.236574372;4478134.038116153;-3.68594765521568;40.45183217225031
16;1301;"CRTA. ESTACION HORTALEZA - SANTA ADELA";"27/01/1992";444739.256338692;4481158.566197298;-3.65196558293209;40.47927675057601
16;1268;"AV. VIRGEN DEL CARMEN - TOTANA";"22/05/1991";444507.032808703;4480526.810747135;-3.6546499036019;40.47357011444686
6;362;"RAIMUNDO FERNANDEZ - ORENSE";"01/07/1969";441019.289463524;4477541.804931588;-3.69551459655306;40.44643957927111
6;983;"EDGAR NEVILLE - HERNANI";"09/01/1981";440896.578214855;4477718.547649209;-3.69697798291515;40.44802303999968
6;792;"EDGAR NEVILLE - BASILICA";"01/01/1978";440912.039595258;4477898.229722449;-3.69681238519218;40.44964279327866
17;1179;"ALCOCER - VIRGEN DESAMPARADOS";"20/10/1989";440671.515453604;4466802.834895181;-3.69861464416988;40.3496727217889
15;323;"VIRGEN PORTILLO - VIRGEN SAGRARIO";"09/10/1968";444819.33190767;4476535.037910246;-3.65061897764048;40.43763099985372
6;358;"RAIMUNDO FERNANDEZ - EDGAR NEVILLE";"16/06/1969";440880.575255698;4477554.337920714;-3.69715139939124;40.4465426292345
13;1397;"PUERTO BALBARAN - P.P.";"14/09/1994";443869.751425142;4469888.279375805;-3.66122823440612;40.37768969495718
16;4753;"AV. FUERZAS ARMADAS 190 P.P.";"21/05/2023";446716.402298998;4481662.960477503;-3.62868298612715;40.48394981106086
13;1647;"AV. ENTREVIAS - ESTACION EL POZO";"09/10/2000";444204.707274996;4469678.688936192;-3.65726427058118;40.37582406747146
13;4531;"AV. ENTREVIAS - CAMINO POZO TIO RAIMUNDO";"23/10/2018";444379.960487262;4469628.553043266;-3.65519555441819;40.37538412630879
16;4750;"AV. FUERZAS ARMADAS 136 - EDUARDO HARO TECGLEN  P.P.";"21/05/2023";446482.075299725;4481847.78996252;-3.63146321061157;40.48559977550131
16;4751;"AV. FUERZAS ARMADAS 140 P.P.";"21/05/2023";446550.663980353;4481793.7200537;-3.63064941356816;40.48511710544779
16;4752;"AV. FUERZAS ARMADAS - JOSE GRASSES RIERA P.P.";"21/05/2023";446606.676592956;4481749.606057633;-3.62998484232773;40.48472330869506
3;545;"MENENDEZ PELAYO - CONDE CARTAGENA";"09/01/1973";442511.160579312;4473418.92528158;-3.67755044874244;40.40940310825997
3;744;"NARVAEZ - MENORCA";"14/09/1977";442637.792697332;4474529.229094345;-3.67615820532122;40.41941404613831
7;372;"GUZMAN EL BUENO - FERNANDEZ DE LOS RIOS";"08/08/1969";439514.061737095;4476317.981916349;-3.71314679759828;40.43530672238442
7;1881;"MELENDEZ VALDES - HILARION ESLAVA";"14/04/2005";439203.94931043;4476078.419844683;-3.71677992562444;40.43312603557421
1;347;"SAN BERNARDO - REYES - PEZ";"23/04/1969";439991.761494317;4475098.32081786;-3.70739984969101;40.42435407893576
8;1638;"GTA. GRACITA MORALES";"28/06/2000";438078.751177288;4482020.370741795;-3.73062457721851;40.48657021066986
10;1810;"AV. DE LA PESETA - CLARINETES - P.P.";"29/07/2004";435023.769367709;4468939.903377872;-3.76533121686663;40.36850357972332
10;1809;"CTRA. AL Bº DE LA FORTUNA - AV. DE LA PESETA";"29/07/2004";434951.224457014;4469106.689570374;-3.76620263998975;40.37000040214345
10;1808;"CTRA. AL Bº DE LA FORTUNA - TROMPAS";"29/07/2004";434981.2515211;4469302.204637502;-3.76586892326211;40.37176402604895
16;4730;"ANA DE AUSTRIA 34 P.P.";"21/05/2023";444497.483269661;4483077.267144466;-3.65498585936898;40.4965451498211
9;1702;"ROMERO ROBLEDO - MARTIN DE LOS HEROS";"23/01/2002";438910.528085083;4475963.177494898;-3.72022800003713;40.43206638553131
8;4657;"GINZO DE LIMIA,36 P.P";"17/02/2022";440351.945556273;4481042.188281376;-3.70371250604203;40.477924821972
7;286;"EDUARDO DATO - FERNANDEZ HOZ";"02/03/1968";441048.980911644;4476028.864822385;-3.69502411587467;40.4328124367721
8;4557;"MONASTERIO DE EL ESCORIAL - MONASTERIO PAULAR";"23/05/2019";440640.301210835;4483952.819599416;-3.70058343518882;40.5041655024832
8;4558;"MONASTEIRIO DE SILOS - MONASTERIO CAAVEIRO";"10/07/2019";441001.551509415;4484004.770069976;-3.69632497538994;40.50465925779565
8;4561;"MONASTERIO DE EL ESCORIAL - MONASTERIO SAMOS";"31/05/2019";441007.902282798;4484182.019582964;-3.6962665378508;40.50625643448814
7;668;"MIGUEL ANGEL - RAFAEL CALVO";"01/07/1975";441366.779526881;4476162.248866933;-3.69128988022577;40.4340364862724
6;300;"BRAVO MURILLO - PENSAMIENTO";"30/04/1968";440707.616166152;4479015.176552933;-3.69932725271011;40.45969016404072
2;4554;"Pº CHOPERA -JOSE MIGUEL GORDOA";"14/03/2019";440857.722762083;4471548.755105831;-3.69686239733784;40.3924398334951
8;1039;"MONFORTE LEMOS - FINISTERRE";"17/12/1981";440437.49633892;4481238.026599711;-3.70272166706959;40.47969514768409
8;1077;"MONFORTE LEMOS - COLEGIO PRINCIPE FELIPE";"06/05/1983";440613.9102517;4481269.466343089;-3.70064341858352;40.47999100400615
12;4570;"RAFAELA YBARRA - JUAN ZOFIO - P.P.";"09/09/2019";439625.989374767;4470320.544042818;-3.71125823134641;40.38128712069165
8;1098;"LLANO CASTELLANO - MANUEL TOVAR";"30/10/1984";441977.692013962;4482016.160342582;-3.68462281848135;40.48681393879001
17;1612;"OROVILLA - UNANIMIDAD";"03/12/1999";441436.669589843;4468098.414760797;-3.68972421291212;40.36139814245546
17;1641;"OROVILLA - CIUDADANIA";"05/07/2000";441449.31897524;4467572.348658621;-3.68952696251533;40.3566599176902
12;2054;"OROVILLA -  SILVINA";"18/07/2008";441208.233879218;4468617.725119432;-3.6924622786423;40.36606031412708
11;1816;"AV. EURO - AGUACATE";"29/07/2004";437014.772657227;4468888.233836425;-3.74187670743677;40.36819092359693
9;1581;"AV. PARANINFO - FACULTAD CIENCIAS";"18/05/1999";438300.096942396;4478064.161885127;-3.72762831305482;40.45094780648423
9;1439;"AV. COMPLUTENSE - BOTANICO";"26/10/1995";438302.792231936;4477503.882466359;-3.72754209944005;40.44590079956666
13;1212;"VILLALOBOS - LEONESES";"19/07/1990";445040.924821529;4470358.811143614;-3.64747294546578;40.38200660341393
10;914;"AV. SEPULVEDA - HIGUERAS - P.P.";"20/03/1979";436777.475687759;4472898.236342287;-3.74506946132403;40.40429681579864
13;1248;"SIERRA TOLEDANA - EL BOSCO";"15/02/1991";444091.965821379;4472960.063356593;-3.65888030848859;40.40537708980619
13;920;"DR. LOZANO - SIERRA TOLEDANA";"26/03/1979";443987.039240086;4472691.822621036;-3.66009319215085;40.40295357094244
19;1676;"SAN CIPRIANO - AV. GRAN VIA DEL ESTE";"10/05/2001";449367.571578777;4472552.68357675;-3.59667786255243;40.40204469282812
19;4810;"AV. MIGUEL DELIBES - ENRIQUE URQUIJO";"28/03/2025";452735.043106107;4472695.56114848;-3.55700634451785;40.40352980487386
19;1720;"SAN CIPRIANO - MINERVA";"10/07/2002";449188.267919053;4472683.007291805;-3.59880116053248;40.40320781505154
19;1798;"MINERVA - CAMPO DE LA TORRE";"24/06/2004";448612.822240078;4471994.984054688;-3.60552672277671;40.39697432150991
19;4806;"AV. MIGUEL DELIBES - ALTO DEL ESPARRAGAL";"07/11/2024";452175.573456654;4473076.24293433;-3.56362786681691;40.40692731777757
19;4807;"AV. MIGUEL DELIBES - JOSÉ ESCOBAR Y SALIENTE";"07/11/2024";452336.17950362;4472970.18233728;-3.56172721046824;40.4059810568141
19;4809;"AV. MIGUEL DELIBES - CONCEJAL VICTORINO GRANIZO";"28/03/2025";452601.709784098;4472783.4399289;-3.55858411967424;40.40431390252205
5;801;"PL. VIRGEN GUADALUPANA";"01/01/1978";442797.423740882;4478105.699136609;-3.67459860616679;40.45164365561418
3;390;"ALC. SAINZ BARANDA - NARVAEZ";"18/11/1969";442618.940235127;4474255.90304505;-3.67635575602615;40.41695048294039
13;1274;"AV. RAFAEL ALBERTI - SAN CLAUDIO";"22/07/1991";445743.045532621;4471126.855623228;-3.63926716198293;40.38897165410312
16;4767;"AVDA. DE LAS FUERZAS ARMADAS 322-P.P";"27/10/2023";447356.514910875;4481472.04287318;-3.62111499019279;40.4822707603581
20;4840;"ALCALÁ - NICOLASA GOMEZ";"08/05/2025";447815.63867948;4477287.97230006;-3.61535424309573;40.44460729971159
15;1519;"EMILIO FERRARI - ESTEBAN COLLANTES";"17/03/1998";445610.241453458;4475827.77562099;-3.64123362489111;40.43131168981034
15;457;"EZEQUIEL SOLANA - VITAL AZA";"21/09/1971";445289.362865218;4475769.51229495;-3.6450114142135;40.43076577761074
15;456;"VITAL AZA - GUTIERRE CETINA";"21/09/1971";445486.370501555;4475875.900203883;-3.64269805452526;40.43173711409616
15;357;"EMILIO FERRARI - VITAL AZA";"12/06/1969";445558.331789024;4475914.887694437;-3.64185304418654;40.43209304843878
15;585;"VITAL AZA - LUIS RUIZ";"17/07/1973";445723.196665856;4476003.333583133;-3.63991699854027;40.43290059345187
15;1782;"ASCAO - PL. VILAFLOR";"28/04/2004";446080.137463719;4475946.760729186;-3.63570415646796;40.4324141689323
15;1104;"FRANCISCO LARGO CABALLERO - NICOLAS SALMERON";"14/06/1985";446076.487134704;4474919.936154709;-3.63566009419677;40.42316370172756
15;1546;"SANTA GENOVEVA 46 - P.P.";"16/10/1998";444850.584767067;4474847.243760291;-3.6501040754375;40.42242849476909
20;10022;"SOFIA - ALBANIA";"20/08/2020";448984.102670985;4475506.351372223;-3.60143349391449;40.42862986692879
9;206;"CUESTA SAN VICENTE - ARRIAZA";"28/12/1966";439298.570372281;4474662.505501867;-3.71552924704305;40.4203777778345
9;101;"PRINCESA - ROMERO ROBLEDO";"16/06/1962";439099.938308256;4476066.096827713;-3.71800493386083;40.43300741555195
9;205;"PRINCESA - BENITO GUTIERREZ";"27/12/1966";439141.268079948;4475991.043704278;-3.71751051016306;40.43233433064978
9;11;"PRINCESA - MARQUES URQUIJO";"01/01/1960";439242.433478168;4475800.42938733;-3.71629966132665;40.4306245920407
5;820;"PL. QUITO";"01/01/1978";441641.023684186;4477893.902793085;-3.68821581747891;40.4496553126007
1;576;"RDA. ATOCHA - MARQUES VALDAVIA";"02/07/1973";440929.035901639;4473144.083461538;-3.69617021177473;40.4068164296929
20;10023;"SOFIA - MANCHESTER";"20/08/2020";448957.482264062;4475658.467983211;-3.60175952347643;40.42999859693093
20;10024;"SOFIA P.P. - BELGICA";"20/08/2020";448968.709918682;4475595.629335577;-3.60162211867481;40.42943319541151
2;4648;"Pº ESPERANZA - LABRADOR";"27/10/2021";440253.417317603;4472441.15155084;-3.70406604430311;40.40043586127952
20;2278;"AV. LUIS ARAGONES - ESTADIO";"16/09/2017";448809.898528981;4476547.002091467;-3.60357092094585;40.43799399787673
20;10026;"ARCENTALES P.P. - ESTOCOLMO";"20/08/2020";448803.916923444;4476105.038891186;-3.60360583856958;40.43401215064104
20;10025;"SOFIA - JULIA GARCIA BOUTAN";"20/08/2020";448941.908420556;4475741.588845645;-3.60194979642563;40.4307464464641
4;1471;"JOSE ORTEGA GASSET - CLAUDIO COELLO";"24/10/1996";441828.461476165;4475756.624337718;-3.6858098642074;40.43041484421318
4;1472;"JOSE ORTEGA GASSET - LAGASCA";"24/10/1996";441912.684110945;4475750.798276072;-3.68481646143252;40.43036824586488
5;1662;"VELAZQUEZ - OQUENDO";"21/12/2000";442087.982171134;4476872.788113973;-3.68285218269336;40.44048789383309
5;4654;"JOAQUIN COSTA-JUAN DE LA CIERVA P.P";"05/04/2022";442016.370553455;4477208.329851651;-3.68372713824458;40.44350562099574
4;1225;"DIEGO LEON - GRAL. DIAZ PORLIER";"24/09/1990";442626.709940666;4476214.945874882;-3.676440960307;40.43459907369616
4;55;"FRANCISCO SILVELA - DIEGO LEON";"01/01/1960";442778.758022712;4476217.547943775;-3.67464863959315;40.43463298929252
4;20;"ALCALA - AGUIRRE";"01/01/1960";442175.091904315;4474836.422774411;-3.68163986769236;40.4221493785676
5;1985;"FRAY BERNARDINO SAHAGUN - MANUEL BENEDITO";"13/03/2007";442076.652900214;4479209.427109244;-3.68319890424354;40.46153661665308
5;2207;"GRAL. LOPEZ POZAS - FRANCISCO SUAREZ";"20/11/2014";441882.468903031;4479593.880604424;-3.68552433427284;40.46498638099654
9;4622;"FERRAZ - BENITO GUTIERREZ";"02/03/2021";438789.717316678;4475801.708614666;-3.72163666918601;40.43060292545978
7;424;"SAN FRANCISCO SALES - ANDRES MELLADO";"16/10/1970";439428.509875813;4477011.642559008;-3.71422153026883;40.44154928030721
8;4541;"AV. SANTUARIO VALVERDE - MONASTERIO BATUECAS";"25/10/2018";440305.598775028;4484102.538859005;-3.70454753763124;40.50549020916358
8;4543;"MONASTERIO SUSO Y YUSO - MONASTERIO BATUECAS";"08/11/2018";440279.235329474;4483754.15029246;-3.70482581917203;40.50234991168197
8;2001;"STO. DOMINGO DE LA CALZADA - REDECILLA CAMINO";"07/05/2007";443338.734574291;4484259.87698949;-3.66876518607633;40.50712027239907
8;1821;"STO. DOMINGO DE LA CALZADA - CNO. DE SANTIAGO";"02/08/2004";443205.762864474;4484384.851759807;-3.6703457407658;40.50823700140661
8;1820;"CNO. DE SANTIAGO - PALAS DEL REY";"02/08/2004";443260.263349494;4484439.670249006;-3.6697074224796;40.50873455736842
8;1819;"CNO. DE SANTIAGO - PSO. TIERRA DE MELIDE";"02/08/2004";443381.921000439;4484575.124259866;-3.66828368511273;40.50996309275239
7;590;"ELOY GONZALO - CARDENAL CISNEROS";"27/07/1973";440398.801174539;4476163.778709214;-3.70270175039389;40.43398146544574
7;149;"ELOY GONZALO - GRAL. ALVAREZ CASTRO";"29/09/1965";440484.148902328;4476190.559154727;-3.7016980750471;40.43422882735405
7;417;"ELOY GONZALO - SANTISIMA TRINIDAD";"19/08/1970";440609.97587429;4476229.106256592;-3.70021826940368;40.43458507144614
7;102;"SAN BERNARDO - MAGALLANES";"31/07/1962";440185.935318596;4475881.742985521;-3.70518472950058;40.43142548133787
7;2249;"LUCHANA -CARDENAL CISNEROS";"23/06/2016";440503.838001473;4475659.600035447;-3.7014162544229;40.42944711627661
7;80;"JOSE ABASCAL - PONZANO";"01/01/1960";440687.158305382;4476658.005865031;-3.69934837302193;40.4384542994538
3;177;"PSO. REINA CRISTINA - JOSE ANSELMO CLAVE";"08/06/1966";441687.300874542;4473089.005009984;-3.68722938330751;40.4063737118699
3;184;"PSO. REINA CRISTINA - JULIAN GAYARRE";"30/07/1966";442011.503857777;4473129.763840245;-3.68341254439365;40.40676353392612
2;326;"PSO. SANTA MARIA CABEZA - MURCIA";"26/10/1968";441002.119367628;4472981.716257958;-3.69529390820073;40.40535892650655
1;29;"PL. CIBELES";"01/01/1960";441203.20816633;4474528.908134483;-3.69306721143922;40.4193110281205
9;118;"PRINCESA - EVARISTO SAN MIGUEL";"24/03/1964";439420.706719912;4475476.570104109;-3.71416720625968;40.42772013021381
9;499;"MARQUES DE URQUIJO - MARTIN DE LOS HEROS-TUTOR";"08/03/1972";439063.976522006;4475727.068442358;-3.71839638545883;40.42995067177328
9;129;"PRINCESA - VENTURA RODRIGUEZ-LUISA FERNANDA";"03/12/1964";439480.246952558;4475365.557188384;-3.71345477242458;40.42672441107825
7;213;"FERNANDEZ DE LOS RIOS - ISAAC PERAL";"21/03/1967";439081.392124404;4476345.529983904;-3.71825036001012;40.43552330737035
9;500;"PSO. PTOR. ROSALES - MARQUES URQUIJO";"10/03/1972";438784.299423487;4475611.15007337;-3.72168218759263;40.42888589620946
9;498;"FERRAZ - MARQUES URQUIJO";"08/03/1972";438892.942068574;4475656.432622545;-3.72040583014676;40.42930180810742
7;1021;"FERNANDO CATOLICO - ARCIPRESTE HITA";"08/09/1981";439095.973687327;4476209.755433589;-3.71806543946476;40.43430126184911
1;1901;"VIRGEN DEL PUERTO - CIUDAD DE PLASENCIA";"22/08/2005";438850.866771437;4474063.02722041;-3.72074860852034;40.41494463631997
1;201;"SEGOVIA - PSO. VIRGEN PUERTO";"14/11/1966";438812.582584466;4473955.150054312;-3.72118944431782;40.41397001758225
4;1700;"CAMILO JOSE CELA - FRANCISCO REMIRO";"16/01/2002";443363.057055675;4476605.15179077;-3.66779464219138;40.43816471658036
4;2279;"AZCONA - ARDEMANS";"28/09/2017";443060.729559015;4476071.917603998;-3.67131131455961;40.43334042954829
5;805;"PSO. HABANA - POTOSI";"01/01/1978";442261.389924483;4478652.286903925;-3.68096941974124;40.45653050542998
7;509;"ALMAGRO - MARQUES RISCAL";"17/05/1972";441240.915091652;4475777.477751263;-3.69273815690006;40.43056140546349
15;2200;"TORRELAGUNA 108-127 - P.P.";"04/12/2014";443981.938683836;4478476.626599416;-3.66066305967515;40.45506582713348
11;564;"ANTONIO LEYVA - ALEJANDRO SANCHEZ";"23/04/1973";439209.705801593;4471196.623371939;-3.71624564489392;40.38914901212925
15;592;"LOPEZ DE HOYOS - PEDRO SALINAS";"10/08/1973";443972.055626544;4478705.385780179;-3.66079980007287;40.45712593579052
15;1915;"EMILIO VARGAS - AGASTIA";"01/12/2005";444587.744940704;4477722.875572101;-3.65345299716676;40.44831626514913
15;1911;"EMILIO VARGAS - TORRELAGUNA";"04/11/2005";444339.7195163;4477592.356786484;-3.65636623439697;40.44712391542649
6;4668;"GRAL PERON 32,P.P";"08/03/2023";441152.621255696;4478191.867878772;-3.69400266458808;40.45230508021701
5;296;"LOPEZ HOYOS - MANTUANO";"28/03/1968";442852.374778985;4477298.992412981;-3.67387801256349;40.44438023504505
5;739;"PADRE DAMIAN - RAFAEL SALGADO";"28/07/1977";441736.09646768;4478384.758329581;-3.68713975989237;40.45408382839773
5;1377;"ALFONSO XIII - TORPEDERO TUCUMAN";"07/07/1993";442835.699748218;4479065.181495427;-3.67423363829036;40.46028975294008
5;1378;"ALFONSO XIII - STA. MARIA MAGDALENA";"07/07/1993";443222.925158473;4479034.740469397;-3.66966401913369;40.46004207449859
1;69;"PUERTA TOLEDO - BOMBEROS";"01/01/1960";439617.669140409;4473144.998287994;-3.71162405729901;40.40673059025853
2;4523;"Pº IMPERIAL, 89 - P.P.";"19/04/2018";439314.064554743;4472628.917979503;-3.7151526595001;40.40205942146814
9;1315;"AV. OSA MAYOR, 5 - P.P.";"18/03/1992";434295.286358397;4479213.155836032;-3.77497207674398;40.4609913362339
3;178;"PSO. REINA CRISTINA - ANDRES TORREJON";"10/06/1966";442128.931872786;4473152.95438461;-3.68203082045193;40.40698061772578
6;1714;"PSO. CASTELLANA - RAFAEL SALGADO - P.P.";"12/06/2002";441461.897912345;4478398.40239233;-3.69037457710672;40.4541874730345
5;1380;"PSO. HABANA - JEREZ";"07/09/1993";442372.592114511;4479523.640471558;-3.67973710327693;40.46438776768281
8;4815;"AV. MONASTERIO DEL ESCORIAL - MONASTERIO DE POYO";"20-11-2024";441167.406069353;4484434.32676227;-3.6944075351067;40.50854063190607
8;1826;"CNO. DE SANTIAGO - PUENTE DE LA REINA";"02/08/2004";442895.649291333;4483707.583585534;-3.67394471830422;40.50211461649278
10;567;"VIA CARPETANA - LAGUNA";"27/04/1973";437001.151392164;4471521.591968342;-3.74229746485007;40.39191237499707
5;454;"SERRANO - RODRIGUEZ MARIN";"04/08/1971";442425.646421845;4478359.848120361;-3.67900578643912;40.45390747855213
8;838;"SINESIO DELGADO - INSTITUTO SALUD CARLOS III";"01/01/1978";441367.07241462;4480663.230989425;-3.69170209856164;40.47458331615924
6;1280;"PSO. CASTELLANA - MATILDE LANDA";"23/08/1991";441648.451603913;4480270.453368006;-3.68834671787663;40.47106482993183
5;2214;"CORAZON DE MARIA - ALUSTANTE";"07/05/2015";443179.340936073;4476972.301769865;-3.66999349614553;40.44145965424179
13;696;"AV. PALOMERAS - PUERTO CARDOSO";"09/07/1976";444494.661585975;4470932.180379742;-3.65395803013851;40.38713565603862
1;353;"GTA. EMBAJADORES";"28/05/1969";440378.036175027;4472960.494266828;-3.70264625997013;40.40512328975812
15;1838;"JOSE ARCONES GIL - GANDHI";"04/08/2004";446399.59011952;4475144.37386047;-3.63187043785948;40.42520644676098
15;1877;"NICOLAS SALMERON - RODRIGO DE TRIANA - P.P.";"01/02/2005";446387.568954683;4474620.74503446;-3.63196799400877;40.42048851298724
15;1902;"NICOLAS SALMERON - VILLAESCUSA";"23/09/2005";446232.824236076;4474730.545111474;-3.63380125796342;40.42146767269917
16;4651;"SILVANO - RAMON POWER";"11/11/2021";447039.88302868;4479287.55872139;-3.62466817869004;40.46257163704608
20;1217;"CRONOS - JULIAN CAMARILLO";"09/08/1990";447398.942713927;4476500.325029264;-3.62020240594793;40.4374854531252
5;518;"PPE. VERGARA - SANCHEZ PACHECO - AUDITORIO P.P.";"01/07/1972";442488.284132017;4477513.835422208;-3.67819049469258;40.44629053729793
5;778;"SERRANO - PEDRO VALDIVIA";"01/01/1978";441807.999045867;4476739.55962093;-3.68614109321082;40.43926816249654
3;850;"IBIZA - MAIQUEZ";"01/01/1978";442894.323711658;4474383.063646037;-3.67312141547254;40.41811495483548
3;1758;"ESTRELLA POLAR - ASTROS";"04/07/2003";443420.62470086;4473586.9894126;-3.66684734872525;40.41097943428221
3;144;"PL. CONDE DE CASAL - DR. ESQUERDO";"20/07/1965";443135.901583673;4473107.347248449;-3.67016003101007;40.40663915334301
4;1216;"ALC. SAINZ BARANDA - TVE";"09/08/1990";443786.89046519;4474728.978455255;-3.66263171524915;40.4212919143922
3;823;"ASTROS - CRUZ SUR";"01/01/1978";443284.358560402;4473627.254989034;-3.66845687396022;40.41133289513495
1;44;"GRAN VIA - MESONERO ROMANOS-CONCEPCION ARENAL";"01/01/1960";440282.260524662;4474632.476464776;-3.70393183589892;40.42017843931266
1;173;"GRAN VIA - SALUD - TRES CRUCES";"18/05/1966";440388.421952725;4474621.682101518;-3.70267951965937;40.42008881059625
1;47;"GRAN VIA - FUENCARRAL - MONTERA";"01/01/1960";440485.209447134;4474612.323507726;-3.7015378294163;40.42001143198974
10;749;"CARAMUEL - POZOBLANCO - P.P.";"20/09/1977";438246.567902966;4473502.274855329;-3.72781634891114;40.40984851914826
3;851;"MENENDEZ PELAYO - IBIZA";"01/01/1978";442415.061659742;4474415.319878627;-3.67877316431466;40.4183725098892
10;245;"PSO. EXTREMADURA - FRANCISCO BRIZUELA";"06/09/1967";437317.948108624;4473507.936680304;-3.73876061879192;40.40983011585924
10;2023;"PSO. EXTREMADURA - ACCESO CASA CAMPO - P.P.";"11/09/2007";437105.553072866;4473404.301034869;-3.74125343095818;40.40888050316953
10;561;"HIGUERAS - HUERTA CASTAÑEDA";"17/04/1973";437064.05989071;4473280.708025968;-3.7417301938459;40.40776399085446
17;783;"AV. ANDALUCIA - ALCOCER";"01/01/1978";441144.533654525;4467010.149374685;-3.69306418807343;40.35157384159192
17;1177;"CTRA. VALLECAS - VILLAFUERTE - DIAMANTE";"08/08/1989";441477.653620171;4467285.191214365;-3.68916696165657;40.35407502136333
17;765;"ALCOCER - ORIO";"07/11/1977";440924.035267723;4466922.602589668;-3.69565242526723;40.35076958126891
5;1079;"CLARA DEL REY - ALUSTANTE- POETA CLAUDIO RODRIGUEZ";"07/07/1983";443119.397576078;4477047.811004184;-3.67070702538128;40.44213578035988
4;331;"CARTAGENA - AZCONA";"21/11/1968";443133.101154525;4476119.594038706;-3.67046237823807;40.43377487437242
15;1326;"ALCALA - VIRGEN DE LA ALEGRIA";"03/06/1992";444064.899054873;4475864.30845671;-3.65945468331154;40.43153831409601
15;350;"ALCALA - FERNANDEZ LANSEROS";"05/05/1969";444218.761166549;4475892.213706605;-3.65764326693404;40.43180003200164
15;229;"ALCALA - ALCALDE LOPEZ CASERO";"05/06/1967";444416.111838217;4475928.223751199;-3.65531985829788;40.4321376412666
15;351;"ALCALA - CONCEJAL JULIO GOMEZ";"09/05/1969";444840.202613601;4476000.389209172;-3.65032650590804;40.43281597931392
6;793;"ORENSE - BASILICA";"01/01/1978";441039.305032744;4477851.280957007;-3.69530731560428;40.4492288948888
19;1744;"SAN CIPRIANO - LAGO VAN";"05/02/2003";448541.719794247;4472785.799513093;-3.60642844617382;40.40409412815125
19;706;"SAN CIPRIANO - LAGO LEMAN";"19/08/1976";448629.636041442;4472777.933865629;-3.60539178587938;40.40402869819135
19;952;"SAN CIPRIANO - JARDIN DUQUESA";"26/02/1980";448734.416583631;4472772.485632497;-3.60415658975068;40.40398607517574
19;1001;"PASEO DE ARTILLEROS - SAN CIPRIANO";"12/04/1981";448326.452005317;4472801.356981471;-3.60896647362202;40.40422094761426
19;1553;"SAN CIPRIANO - VILLARDONDIEGO";"28/11/1998";448402.616366488;4472796.833385406;-3.60806856715281;40.40418491964922
16;4580;"FCO. PI Y MARGALL - ALCALDE HENCHE DE LA PLATA";"04/09/2020";444919.201512677;4481971.528710783;-3.649913352981;40.48661225275624
16;4739;"FCO. PI Y MARGALL - ISABEL CLARA EUGENIA";"16/05/2023";445007.215425402;4481934.22773965;-3.6488716799569;40.48628206317218
16;4598;"FCO. PI Y MARGALL - NICETO ALCALA ZAMORA P.P. (OESTE)";"11/09/2020";445134.022878051;4481882.247133841;-3.6473710431107;40.48582218776735
16;2033;"FCO. PI  Y MARGALL - NICETO ALCALA ZAMORA P.P. (ESTE)";"19/10/2007";445226.504223042;4481844.152268655;-3.64627661751744;40.48548511801422
16;4740;"FCO. PI  Y MARGALL - NICETO ALCALA ZAMORA P.P. (NORTE)";"16/05/2023";445204.705877213;4481912.22750798;-3.64653968695336;40.48609693329254
16;2115;"NICETO ALCALA ZAMORA - EMT SANCHINARRO";"08/11/2010";445074.714935611;4481679.035012444;-3.64805317582806;40.48398763621805
7;81;"JOSE ABASCAL - ALONSO CANO";"01/01/1960";440818.464847068;4476647.851859431;-3.69779932156387;40.43837218265366
7;82;"JOSE ABASCAL - MODESTO LAFUENTE";"01/01/1960";440945.371942603;4476637.697900453;-3.69630214300349;40.43828973307333
4;156;"SERRANO - DIEGO LEON";"08/01/1966";441771.036777603;4476285.111842715;-3.68653524115483;40.43517169498836
1;36;"GTA. ALONSO MARTINEZ";"01/01/1960";440963.92776831;4475471.295060891;-3.69597502626428;40.42778355660077
2;858;"MENDEZ ALVARO - PL. AMANECER - REPSOL";"01/01/1978";441934.281193393;4472281.758977028;-3.68424521877136;40.3991188742533
9;1187;"ARROYO POZUELO - HUMERA";"31/01/1990";433661.837412561;4478262.945220333;-3.78234350823272;40.4523812731429
6;111;"PSO. CASTELLANA - SAN GERMAN";"30/12/1963";441468.047204284;4478611.390333707;-3.69032169649972;40.45610659455053
1;1980;"BARBARA BRAGANZA - TAMAYO BAUS";"01/12/2006";441220.463364232;4474997.178709258;-3.69290711198569;40.42353065545825
7;1090;"PSO. CASTELLANA - ALCALA GALIANO";"23/12/1983";441436.289807991;4475357.330984938;-3.69039624695655;40.42679030071896
20;1082;"AV. CANILLEJAS A VICALVARO - ARCOS JALON";"04/10/1983";448166.16618033;4475534.084732714;-3.61107800594336;40.42882914275241
20;1153;"AV. CANILLEJAS A VICALVARO - POBLADURA VALLE";"29/10/1987";448139.826991653;4475328.706274156;-3.6113717524431;40.42697732447669
1;1843;"GENOVA - MONTE ESQUINZA - P.P.";"23/09/2004";441240.209144908;4475286.296198622;-3.69270107880384;40.42613655924693
4;266;"DIEGO LEON - GRAL. PARDIÑAS";"01/01/1968";442508.849508675;4476225.545330126;-3.67783142179252;40.43468642007308
4;1541;"JOSE ORTEGA GASSET - NUÑEZ BALBOA";"14/05/1994";442120.083111915;4475733.787701169;-3.68236996088417;40.43022946334157
4;1668;"JOSE ORTEGA GASSET - GRAL. PARDIÑAS";"13/03/2001";442469.23408707;4475709.77137122;-3.67825177834342;40.43003733348741
4;21;"ALCALA - O'DONNELL - NUÑEZ BALBOA";"01/01/1960";442059.376129273;4474762.914698438;-3.68299713562608;40.42147913105821
4;18;"ALCALA - PPE. VERGARA";"01/01/1960";442285.358000961;4474894.526841845;-3.68034541173613;40.42268046517772
7;84;"JOSE ABASCAL - ZURBANO";"01/01/1960";441234.720134774;4476619.081730924;-3.69288900777524;40.43814252747847
5;804;"POTOSI - VICTOR ANDRES BELAUNDE";"01/01/1978";442349.000068403;4478671.259562879;-3.6799379374158;40.4567075019335
5;220;"PL. REPUBLICA ECUADOR - PPE. VERGARA";"25/04/1967";442572.547672825;4478481.928828172;-3.67728445737784;40.45501740117212
5;809;"PL. MADRE MOLAS";"01/01/1978";441915.662060563;4479381.055331666;-3.68511335125209;40.46307148010568
5;1585;"SERRANO 224 - P.P.";"04/06/1999";442281.50636242;4478234.097871985;-3.68069416364968;40.45276466539047
5;1884;"MATEO INURRIA - AV. DEL RECUERDO";"21/04/2005";442236.488879879;4479867.114681746;-3.6813736530252;40.46747248201553
5;4658;"AV. ALFONSO XIII-ITALICA -BONETERO";"08/04/2022";442456.126424363;4479070.64801962;-3.6787107761443;40.46031279883034
1;2143;"SEGOVIA - JUAN DUQUE";"17/10/2012";438954.146634865;4473949.425881396;-3.71952046614623;40.41392884681021
17;1765;"AV. ANDALUCIA - GRAN VIA VILLAVERDE";"07/08/2003";441148.000972237;4466368.869400883;-3.69296423030389;40.34579705262727
17;1692;"AV. ANDALUCIA - SAN DALMACIO - P.P.";"21/11/2001";441149.905573239;4466158.973183256;-3.69292245620327;40.3439063150097
7;87;"PL. EMILIO CASTELAR - PSO. CASTELLANA";"01/01/1960";441580.993088007;4476292.979728183;-3.68877647763687;40.43522924530328
15;1723;"JAZMIN - DALIA";"23/07/2002";443527.924595838;4481182.290455748;-3.66625806577169;40.47940897466444
15;1675;"GOLFO DE SALONICA - DALIA";"27/04/2001";443640.17117434;4481068.64825361;-3.66492376374292;40.47839286082248
6;1319;"INFANTA MERCEDES - HUESCA";"08/04/1992";440859.864953512;4478822.509565597;-3.69751372151304;40.45796538891607
6;1412;"INFANTA MERCEDES - SOR ANGELA CRUZ";"24/05/1995";440938.158230954;4479055.75321342;-3.69661207860515;40.46007211350728
2;413;"PL. GRAL. MAROTO";"05/08/1970";440722.37721583;4471665.156840382;-3.69846787106355;40.39347881950602
15;1103;"AÑASTRO - MESENA";"14/03/1985";443754.230437543;4479858.196044219;-3.66347086155806;40.46749628504023
8;1126;"AV. CARDENAL HERRERA ORIA - RAMON GOMEZ SERNA";"05/08/1986";438677.573967566;4481280.502300913;-3.72348788647101;40.47994968136776
16;1837;"AV. SAN LUIS - JULIO DANVILA";"04/08/2004";443826.340604219;4480421.27532906;-3.66267016883373;40.47257364427129
15;669;"AV. SAN LUIS - CONDADO DE TREVIÑO";"15/07/1975";443038.471523998;4481161.794130198;-3.67203042102848;40.47919090462997
15;1888;"AV. SAN LUIS 95 - P.P.";"30/05/2005";443126.553309261;4480989.131461216;-3.67097581659691;40.47764152124389
15;2160;"CUESTA SAGRADO CORAZON - ACCESO M-30";"30/09/2013";443417.19297331;4479821.940153906;-3.66744304155775;40.46714678755468
15;10027;"CONDADO DE TREVIÑO - CALERUEGA";"28/12/2020";443128.315397399;4481196.631550496;-3.67097363927804;40.47951089329703
14;1132;"CNO. VINATEROS - MANUEL MACHADO";"27/11/1986";444032.395444343;4473562.351962852;-3.65963527661358;40.41079884491717
16;4733;"ANA DE AUSTRIA 31 P.P.";"21/05/2023";444144.602640148;4482656.905779127;-3.6591128902997;40.49273467719571
3;4725;"DR. ESQUERDO - ANDALUCIA";"24/03/2023";442816.252238996;4472626.575914468;-3.6738837511618;40.4022862075826
6;2201;"AV.REINA VICTORIA - MARQUES DE LEMA";"23/10/2014";440147.627045219;4477605.792617328;-3.70579874296143;40.44695371006947
6;467;"BRAVO MURILLO - MANUEL LUNA";"29/10/1971";440415.849010103;4478502.478301105;-3.70272014753421;40.45505069840387
6;57;"BRAVO MURILLO - FRANCOS RODRIGUEZ";"01/01/1960";440401.141311605;4478400.028575283;-3.70288397661243;40.45412673432671
6;224;"BRAVO MURILLO - JUAN OLIAS";"13/05/1967";440391.614712984;4478329.500372318;-3.70298969974914;40.4534907038374
6;225;"BRAVO MURILLO - AVILA - CASTILLA";"13/05/1967";440383.982265917;4478258.45638912;-3.70307303573594;40.45285016269674
6;607;"BRAVO MURILLO - SAN RAIMUNDO";"14/01/1974";440366.168785677;4478148.750840567;-3.70327279809868;40.45186061155935
7;103;"AV. FILIPINAS - VALLEHERMOSO - LUCIO DEL VALLE";"04/09/1962";439944.198462488;4476923.087927804;-3.70813292097493;40.44078894862843
12;4568;"DR. TOLOSA LATOUR 18 - P.P.";"17/09/2019";440345.576295451;4469427.846977837;-3.70269792632047;40.373297055252
17;4714;"EDUARDO BARREIROS - CANCION DEL OLVIDO - P.P.";"04/08/2022";440464.424818784;4468052.515927098;-3.70116964583382;40.36091580945787
5;4590;"CONCHA ESPINA 10,P.P";"28/05/2020";441633.364361267;4478146.457895482;-3.68832934992501;40.45192990421917
20;661;"ARCOS JALON - SAN ROMAN VALLE";"22/05/1975";447261.292185206;4474651.048641989;-3.62167188738559;40.42081734147354
20;968;"ARCOS JALON - ALBERICIA";"03/06/1980";447776.296890475;4475078.105023764;-3.61563653585721;40.42469701265972
6;1939;"GTA. MONFORTE LEMOS";"08/03/2006";441588.130698329;4480715.62054348;-3.68909924265605;40.47507083922832
5;194;"PSO. CASTELLANA - VASCONCELOS";"27/09/1966";441716.506406017;4480285.778239647;-3.6875453691919;40.47120766077833
8;2018;"PSO. CASTELLANA - LA PAZ";"31/07/2007";441838.78066576;4481227.277283081;-3.68618939103412;40.4796976437373
8;2030;"ARZOBISPO MORCILLO - TORRE ESPACIO";"16/10/2007";441719.307585761;4481228.048512223;-3.68759891590953;40.47969621463383
8;836;"ARZOBISPO MORCILLO - AC. HOSPITAL";"01/01/1978";441577.823289322;4481303.989635384;-3.68927503822565;40.4803703804917
8;1846;"MONTECARMELO - SANTUARIO VALVERDE";"08/11/2004";440745.763508342;4484105.273140317;-3.69935308579827;40.50554639480718
8;1803;"QUINTANAVIDES - FORESTA";"01/04/2004";443325.90999274;4483262.968508242;-3.66882733717176;40.49813884327423
8;1836;"PUENTE DE LA REINA - VALCARLOS";"02/08/2004";443201.930282774;4483488.689390927;-3.67031060138809;40.50016375210589
8;1835;"PUENTE DE LA REINA - SIERRA DE ATAPUERCA";"02/08/2004";443054.277118781;4483625.955868255;-3.67206537848933;40.50139018356239
16;4611;"AV. NICETO ALCALA ZAMORA - OCTAVIO PAZ P.P.";"08/03/2021";444812.993820925;4482975.625804219;-3.65125389100415;40.49565056055846
9;12;"PRINCESA - SERRANO JOVER";"01/01/1960";439348.122565276;4475607.141940431;-3.71503529261467;40.42889108885271
9;126;"FERRAZ - PSO. PTOR. ROSALES-LUISA FERNANDA";"29/10/1964";439225.209248838;4475189.635661591;-3.71644432026449;40.42512104190549
12;1978;"ESTAFETA - MEZQUITA";"17/11/2006";441221.391556201;4469453.065549644;-3.69238432506378;40.37358646160959
2;70;"PSO. SANTA MARIA CABEZA - PALOS FRONTERA";"01/01/1960";440840.143599972;4472749.6230344;-3.69718109687327;40.40325662001179
2;469;"GTA. SANTA MARIA CABEZA";"12/11/1971";440664.917732063;4472491.081055434;-3.69922183593701;40.40091507513382
16;2156;"NICETO ALCALA ZAMORA- MARIA TUDOR";"16/04/2013";444359.409227869;4483356.530046908;-3.65663969885826;40.4990516250859
16;2141;"NICETO ALCALA ZAMORA - VICENTE BLASCO IBAÑEZ";"31/08/2012";444738.141811224;4483034.970783445;-3.65214233076026;40.49618018564845
12;4853;"ESTAFETA - NAVASCUES";"14/07/2025";441228.778686919;4469317.32388754;-3.69228479979316;40.37236414540721
3;334;"AV. MEDITERRANEO - SANCHEZ BARCAIZTEGUI";"03/12/1968";442941.644003266;4473141.201662517;-3.67245229944471;40.40693084118749
3;318;"DR. ESQUERDO - VALDERRIBAS";"26/08/1968";442887.716219631;4472728.106426966;-3.67305074640326;40.40320575528712
14;4567;"HACIENDA PAVONES 74 - 93 P.P.";"16/07/2019";445183.609124958;4472756.22953318;-3.64599843957215;40.40361342400849
14;4632;"DR. GARCIA TAPIA - ARROYO BELINCOSO";"10/05/2021";444707.789472113;4473719.89228666;-3.65168925148733;40.41226319639024
14;4645;"HACIENDA PAVONES 174-204 - P.P.";"15/10/2021";445670.82229652;4472634.16834585;-3.64024666857474;40.40254575667585
13;4728;"SIERRA TOLEDANA - SAN FLORENCIO";"15/02/2023";444036.451616581;4472813.835886669;-3.65952164889133;40.40405605921597
15;722;"AV. MARQUES CORBERA - RICARDO ORTIZ";"10/03/1977";444320.708628618;4474857.573738576;-3.6563507995751;40.42248626345526
16;2198;"SANTA ADELA - MAR DE LAS ANTILLAS";"16/12/2014";444931.86663423;4481083.047052721;-3.64968674953041;40.47860923370222
1;442;"FERNANDO VI - ARGENSOLA";"20/04/1971";441003.086526774;4475113.683119777;-3.6954802326603;40.42456479732354
16;1408;"AYACUCHO - P.P. - CENTRO COMERCIAL";"19/05/1995";445715.959794871;4480108.512587925;-3.64035326399167;40.46988176789964
16;1407;"AREQUIPA - P.P. - CENTRO COMERCIAL";"19/05/1995";445689.022932335;4480014.108961938;-3.64066291985511;40.46902957156652
16;1250;"GLORIETA  MAR DE CRISTAL";"18/02/1991";445889.462413487;4480055.044503166;-3.63830212746966;40.46941142042504
16;1299;"CRTA. ESTACION HORTALEZA - VIRGEN DEL CARMEN";"27/01/1992";444371.904876509;4480497.712880003;-3.65624135520947;40.4732989477353
6;306;"GRAL. PERON - ORENSE";"27/05/1968";441064.571474627;4478195.373107696;-3.69504131180059;40.45233041829437
16;1200;"ANGEL LUIS HERRANZ - VALDETORRES DEL JARAMA";"04/05/1990";445284.0586506;4480257.126535818;-3.64546063154852;40.47119221898763
16;1252;"GLORIETA SANDRO PERTINI";"18/02/1991";445520.282970072;4480070.329686975;-3.64265811876536;40.46952498667469
19;1935;"MINERVA - TITANIO";"07/03/2006";449023.367828367;4472515.319481045;-3.60073092883289;40.40168708984334
19;1928;"MINERVA - CALIZA";"20/02/2006";448698.943211091;4472092.686892975;-3.60451983226444;40.39785980470161
19;1927;"MINERVA - MOLINO VIEJO";"20/02/2006";448530.682354583;4471900.905513529;-3.60648697142998;40.39612172578008
2;200;"PSO. DELICIAS - CANARIAS";"09/11/1966";441121.232987596;4472593.584163966;-3.69385434062289;40.40187086669457
16;1300;"CRTA. ESTACION HORTALEZA - MONOVAR";"27/01/1992";444442.343355155;4480699.10069004;-3.65542808883161;40.47511785881203
16;1729;"AV. SAN LUIS - LUIS BUITRAGO";"03/10/2002";444835.092656996;4480429.377692958;-3.65077154905578;40.47271424472682
16;1862;"GRAN VIA DE HORTALEZA - TIJUANA - HAITI";"18/12/2004";445177.8474336;4479946.138586757;-3.6466866099027;40.46838368262402
16;1942;"RIBERA DEL LOIRA - TOMAS REDONDO";"23/03/2006";446860.864456735;4480007.957396532;-3.62683992626454;40.46904994402755
16;1892;"TOMAS REDONDO 4 - COLEGIO JUAN ZARAGÜETA - P.P.";"01/07/2005";446691.177984875;4480281.336190852;-3.62886444060243;40.47150181152683
20;2273;"MARQUESADO SANTA MARTA - P.P.";"11/10/2017";447130.645674295;4477642.425532436;-3.62346068528755;40.44775714028967
20;4564;"AV. DE ARCENTALES - MIGUEL YUSTE - PARQUE PARAISO";"04/11/2019";447274.218207947;4476009.496873402;-3.62163218791751;40.43305588417765
2;1118;"EMBAJADORES - AV. PLANETARIO";"28/04/1986";441429.276943293;4470924.333485101;-3.69007092806869;40.38685509357972
16;4754;"AV. FUERZAS ARMADAS 206 P.P.";"21/05/2023";446779.307055095;4481613.80142174;-3.62793670032967;40.48351099611964
16;4755;"GLORIETA ISIDRO GONZALEZ VELAZQUEZ (OESTE)";"21/05/2023";446898.192604009;4481465.052636366;-3.6265216221585;40.48217860344705
16;4765;"GLORIETA DE ISIDRO GONZÁLEZ VELÁZQUEZ ESTE";"28/08/2023";447030.262849811;4481472.98308085;-3.62496414216384;40.48225848092125
21;4832;"AVDA. DE LAS FUERZAS ARMADAS - CIUDAD DEPORTIVA - P.P";"27/10/2023";448177.964607895;4481470.364912352;-3.61142349375289;40.48230732014012
20;2127;"ALCALA - JACA";"24/11/2011";448228.069536584;4477637.098598517;-3.61051960898183;40.44777822125985
20;4743;"AV. 25 DE SEPTIEMBRE - IES. MARQUES DE SUANZES";"19/06/2023";446999.139494205;4477249.428748907;-3.62497858760058;40.44420842763567
16;4793;"MARÍA DE LAS MERCEDES DE BORBÓN -FELIX CANDELA - P.P";"27/10/2023";447142.278764424;4483075.12131703;-3.62377621712994;40.49669848751014
16;4779;"MANUEL FRAGA IRIBARNE 35 - ESTANISLAO PÉREZ PITA P.P.";"26/09/2023";448431.645372405;4482257.10752252;-3.60849459984034;40.48941051285821
21;4839;"AV. JUAN ANTONIO SAMARANCH - ACCESO APARCAMIENTO";"10/04/2025";447762.9016668;4481673.060977552;-3.61633705724681;40.48410730370896
16;4824;"JUAN ANTONIO SAMARANCH-FERNANDO HIGUERAS-P.P.";"10/04/2025";447983.756911738;4481974.94615927;-3.61375613631112;40.48684071068501
16;4826;"JUAN ANTONIO SAMARANCH-ESTANISLAO PEREZ PITA-P.P.";"10/04/2025";448163.552139572;4482218.258332085;-3.6116546895488;40.48904384084046
8;1866;"A-1 VIA DE SERVICIO - PUERTO SOMPORT";"28/12/2004";443378.985088641;4482952.553481075;-3.66817328053543;40.49534611949805
16;2006;"PRINCIPE CARLOS - PINTOR ANTONIO SAURA";"16/05/2007";444523.669505096;4481783.045759436;-3.65456355933969;40.48488797557317
16;1999;"PRINCIPE CARLOS - ALCALDE REDONDO ACEÑA";"07/05/2007";444788.580064522;4482362.71385408;-3.65148857309944;40.49012755041243
6;4690;"Pº CASTELLANA 89-93";"04/11/2022";441393.414768746;4477982.164362262;-3.69114376476696;40.45043299159932
6;4656;"SAN GERMAN -LERIDA";"15/03/2022";440670.201957532;4478729.82273969;-3.69974183397777;40.4571169083514
1;376;"RDA. TOLEDO - GASOMETRO";"01/09/1969";439909.400883138;4473061.130657461;-3.70817824123022;40.40599617864977
2;4522;"Pº ACACIAS 65-67, P.P";"28/12/2017";439534.402014504;4472576.506497009;-3.71255130773016;40.40160330342982
1;39;"PL. ESPAÑA - GRAN VIA - REYES";"01/01/1960";439696.236500722;4474997.078145841;-3.71087375491157;40.42342067250984
1;48;"GRAN VIA - CLAVEL";"01/01/1960";440644.312313961;4474581.917497713;-3.69965968008544;40.41974888425784
5;682;"CLARA REY - SANTA HORTENSIA";"06/02/1976";443306.70074749;4477299.139127955;-3.66852101513172;40.44441266092256
5;555;"PRADILLO - MARCENADO";"04/04/1973";442857.011483969;4477784.100791216;-3.67386698570948;40.44875064344976
5;1394;"LOPEZ HOYOS - SANTA HORTENSIA";"08/08/1994";443129.322387609;4477521.986839877;-3.67063245794299;40.44640806788896
5;1485;"CLARA REY - CARDENAL SILICEO";"20/02/1997";443224.100352059;4477134.916446339;-3.66948028866014;40.44292762536376
5;1504;"CARTAGENA - CANILLAS";"21/10/1997";442734.754519853;4477016.584079329;-3.6752394272885;40.44182807108295
5;1543;"PRADILLO - GUSTAVO FERNANDEZ BALBUENA";"30/09/1998";443348.906207642;4477948.733487279;-3.66808130815938;40.45026740254313
1;31;"ALCALA - CEDACEROS";"01/01/1960";440730.848814855;4474400.850297775;-3.69862282319912;40.41812391253625
9;100;"PRINCESA - SAN LEONARDO - PL. DE LOS CUBOS";"27/02/1962";439599.925535179;4475146.609373549;-3.71202321028109;40.42476073014398
5;1432;"BAMBU - YUCA";"08/09/1995";442666.767708438;4480867.73007329;-3.67638889593075;40.47651626950692
8;1273;"JUAN SANCHEZ - CESAR MANRIQUE - CHANTADA";"18/07/1991";438893.627588103;4480656.586771328;-3.72087893821405;40.4743451633751
9;1323;"ANTONIO MACHADO - SINESIO DELGADO";"11/05/1992";439043.318764674;4479659.854277548;-3.71901737425308;40.46537723997412
11;1521;"CNO. VIEJO LEGANES - VALLE ORO";"08/04/1998";438288.656408735;4471038.350931788;-3.72708151144245;40.38765549721045
11;737;"JOAQUIN TURINA - ROA P.P.";"20/07/1977";436081.029632349;4469382.338637166;-3.75292351940562;40.37257096895313
11;933;"JOAQUIN TURINA - POLVORANCA";"28/11/1979";435967.130599847;4469318.305585226;-3.75425863352705;40.37198538888627
11;393;"NTRA. SRA. FATIMA - EUGENIA MONTIJO";"05/12/1969";436461.022511797;4469974.055446841;-3.74850679960539;40.37793047167212
11;1321;"NTRA. SRA. FATIMA - CODORNIZ";"23/04/1992";436476.230174894;4470276.978156093;-3.74835785857453;40.38066049227415
11;766;"ANTONIA RODRIGUEZ SACRISTAN - GUAYABA";"07/11/1977";436572.437192972;4469422.760915533;-3.74713955100133;40.37297265023845
11;967;"FEDERICO GRASES - ALBA TORMES";"05/08/1992";436757.104779278;4469789.977349622;-3.74500088287623;40.37629473512569
11;1506;"CARCASTILLO - BELZUNEGUI";"12/11/1997";437235.30136199;4469890.269205487;-3.73937805291402;40.37723436114398
11;1726;"EUGENIA MONTIJO - PATILLA";"21/08/2002";436680.583715218;4470220.870406895;-3.74594503859366;40.38017060224026
11;1947;"AV. POBLADOS - ANTONIO ROMERO";"06/04/2006";437910.98953893;4469464.6072054;-3.73137749467293;40.37345040740792
12;1162;"RAFAELA YBARRA - RICARDO BELTRAN Y ROZPIDE";"15/07/1988";439541.391434216;4469678.543141936;-3.71219389207317;40.37549751235279
12;997;"AV. POBLADOS - DULCE - SALADO";"03/03/1981";440696.371552627;4469165.861784754;-3.69854166270558;40.37096198142871
12;483;"AV. POBLADOS - EDUARDO BARREIROS";"16/12/1971";440903.383449845;4469153.293177487;-3.69610226068003;40.37086345852106
12;1209;"SANTUARIO - PIEDRABUENA";"09/07/1990";440609.88634902;4470542.338411028;-3.69968857017499;40.38335587009853
12;2128;"GUETARIA - VILLABONA P.P";"21/07/2011";439250.60052384;4468955.614631386;-3.71555022615222;40.36896385287824
17;4718;"EDUARDO BARREIROS - SAN LUCIANO";"26/05/1982";440596.20159281;4468322.126864158;-3.69964288810863;40.3633540151239
8;2237;"MARIA DE MAEZTU - MARIA CASARES";"25/04/2018";438660.785271378;4482815.647503469;-3.7238345041846;40.49377752409784
12;540;"MARCELO USERA - RAFAELA YBARRA";"24/11/1972";439571.481682232;4470752.057406255;-3.71194125738434;40.38517046098332
5;520;"MATEO INURRIA - MANUEL FERRERO";"03/07/1972";441971.034784278;4479823.586448017;-3.68450073518978;40.46706186090864
12;612;"MARCELO USERA - GABRIEL USERA";"15/03/1974";439790.243804809;4470779.938527063;-3.7093667243574;40.38543746650823
12;1163;"MARCELO USERA - NICOLAS SANCHEZ";"11/10/1988";440071.538492266;4470820.066149397;-3.70605663920803;40.38581923807818
5;485;"AV. PIO XII 46 - NUNCIATURA P.P";"23/12/1971";442896.072599908;4479978.94724032;-3.67360383607992;40.4685255205678
16;1170;"SILVANO - JOSE RIZAL";"02/11/1988";445889.389432833;4479290.673214215;-3.6382378039552;40.46252556539297
14;1123;"DR. GARCIA TAPIA 126 - IES. REY PASTOR - P.P.";"03/06/1986";445063.282565201;4473690.660299201;-3.64749704225123;40.41202339674335
15;1151;"FUENTE CARRANTONA -  AV. DAROCA";"15/08/1987";446825.87150257;4474108.669120936;-3.6267588927487;40.41590354515692
14;1510;"FUENTE CARRANTONA - PROL. O'DONNELL";"17/12/1997";446743.809801325;4473924.304921209;-3.62771065735522;40.41423743225174
14;3;"MARIO CABRE - MERIDA";"31/05/2011";445984.939639706;4473115.059329662;-3.6365859559063;40.40689835465295
14;4;"MARIO CABRE - MOLINA DE SEGURA";"31/05/2011";445891.778670356;4473074.126030562;-3.63768034513416;40.4065235528566
14;1596;"FUENTE CARRANTONA - PAULAR";"08/09/1999";446518.539118685;4473391.532061556;-3.63032090187713;40.409423442486
14;1595;"FUENTE CARRANTONA - MARIO CABRE";"08/09/1999";446321.800488608;4473005.156855471;-3.63260689610187;40.4059300734455
13;1654;"AV. ENTREVIAS - RONDA SUR";"05/12/2000";443980.636073296;4469756.52164956;-3.65991048725432;40.376510201421
13;2148;"PUERTO DE BALBARAN - VIZCONDE DE ARLESSON";"07/11/2012";443301.70874201;4470380.108064361;-3.66796324791758;40.38208192764746
14;1402;"DR. GARCIA TAPIA - ANTONIO CUMELLA";"03/03/1995";445973.403763419;4473305.59267689;-3.63673807808939;40.40861404648041
14;1262;"DR. GARCIA TAPIA - MOLINA SEGURA";"19/04/1991";445837.625407366;4473352.980365723;-3.63834225245701;40.40903212030585
14;1040;"AV. MORATALAZ - C. LDO. ANTONIO MENA";"18/12/1981";445596.37108854;4473441.804654839;-3.64119303263367;40.40981657066784
14;1195;"DR. GARCIA TAPIA - MARROQUINA";"26/03/1990";445244.921256965;4473642.144166987;-3.64535215970477;40.41159830351457
13;452;"PUERTO BALBARAN - ESTACION - P.P.";"21/07/1971";444368.931495175;4469748.176039527;-3.65533590687842;40.37646102897251
7;90;"PSO. CASTELLANA - EDUARDO DATO";"01/01/1960";441609.19997819;4476055.223424869;-3.68842208892149;40.43308940482853
1;33;"PSO. RECOLETOS - ALMIRANTE - PRIM";"01/01/1960";441330.335047082;4474871.795214938;-3.69160043973156;40.42240889495081
7;268;"PSO. CASTELLANA - GARCIA PAREDES";"01/01/1968";441469.874202209;4476433.686714155;-3.69009947009883;40.43648898697818
14;1154;"FUENTE CARRANTONA - LUIS HOYOS SAINZ";"29/10/1987";446174.048767296;4472764.604739978;-3.63432773114226;40.40375349195438
7;92;"PSO. CASTELLANA - JOSE ORTEGA GASSET";"01/01/1960";441554.776809147;4475775.461460438;-3.68903796436543;40.43056535351656
7;94;"PSO. CASTELLANA - ZURBARAN - VILLAMAGNA";"01/01/1960";441524.05058481;4475645.572570105;-3.6893882365665;40.42939309285373
7;95;"PSO. CASTELLANA - AYALA - FERNANDO SANTO";"01/01/1960";441495.681642851;4475490.847322818;-3.68970842301674;40.42799725894502
1;40;"PSO. RECOLETOS - BARBARA BRAGANZA";"01/01/1960";441363.660896356;4474953.930618486;-3.69121519413192;40.42315115975789
18;2044;"GRAN VIA DEL ESTE - GTA.";"29/02/2008";447292.048342177;4470602.199214252;-3.62097409811763;40.3843446478558
18;2055;"AV. ENSANCHE VALLECAS -  JOSE GUTIERREZ MAROTO";"12/08/2008";448764.623913068;4468515.822482225;-3.60345830107424;40.36564092865427
18;2060;"AV. ENSANCHE VALLECAS - ADOLFO MARSILLAC - P.P.";"02/10/2008";449215.691244789;4468227.67117569;-3.59812288938147;40.36307264595176
7;1371;"PSO. CASTELLANA - LOPEZ HOYOS";"29/04/1993";441559.2188486;4476403.316247026;-3.68904333128612;40.43622167873753
1;826;"BARBARA BRAGANZA - CONDE XIQUENA";"01/01/1978";441120.861087681;4475025.842547628;-3.69408381976374;40.42378183053871
3;822;"AV. CIUDAD BARCELONA 6 - JOSE ANSELMO CLAVE";"01/01/1978";441863.514722049;4473001.041086438;-3.68514476583171;40.4055936107217
3;321;"AV. CIUDAD BARCELONA - JULIAN GAYARRE";"07/10/1968";442037.822750696;4472940.747816457;-3.68308517454544;40.40506261069728
3;121;"AV. CIUDAD BARCELONA - MENENDEZ PELAYO";"07/04/1964";442221.952903174;4472850.956979951;-3.68090719223621;40.40426652552035
3;1755;"AV. CIUDAD BARCELONA - NARCISO SERRA - P.P.";"03/07/2003";442321.201846969;4472799.772328316;-3.67973299538753;40.40381230825515
3;1064;"AV. CIUDAD BARCELONA - JUAN URBIETA";"18/10/1982";442418.77819054;4472737.196866233;-3.67857749356416;40.40325534865877
3;1756;"AV. CIUDAD BARCELONA - ABTAO - P.P.";"03/07/2003";442508.922399214;4472670.06630456;-3.67750917824331;40.40265682935961
3;524;"AV. CIUDAD BARCELONA - SANCHEZ BARCAIZTEGUI";"18/08/1972";442604.341013482;4472605.572888944;-3.6763789674779;40.40208242041397
3;106;"AV. CIUDAD BARCELONA - DR. ESQUERDO";"17/08/1963";442731.983486501;4472520.866920029;-3.67486724370809;40.40132813128479
3;332;"AV. CIUDAD BARCELONA - CATALINA SUAREZ";"22/11/1968";442913.37259355;4472390.515033785;-3.67271813880651;40.40016630465774
3;333;"AV. CIUDAD BARCELONA - SECO";"22/11/1968";443006.190741923;4472319.311517216;-3.67161805140914;40.39953122165158
3;1447;"COMERCIO - TELLEZ";"02/02/1996";442168.095067413;4472744.211842666;-3.68153215887207;40.40330116909797
3;551;"MENENDEZ PELAYO - GRANADA";"13/02/1973";442273.526523479;4472955.879275697;-3.68030896033992;40.40521529904427
3;550;"MENENDEZ PELAYO - VALDERRIBAS";"12/02/1973";442333.163492457;4473070.668674346;-3.67961658394885;40.40625351614423
3;1443;"AV. MEDITERRANEO - JUAN URBIETA";"23/01/1996";442709.669321564;4473171.824977377;-3.67518877781128;40.4071907811921
3;335;"AV. MEDITERRANEO - ABTAO";"03/12/1968";442823.894689267;4473155.208841098;-3.67384118304259;40.40704894684481
3;303;"DR. ESQUERDO - CAVANILLES";"25/05/1968";442964.339084445;4472838.307432033;-3.67215770329807;40.40420375901782
3;1373;"CAVANILLES - JUAN URBIETA";"13/05/1993";442624.896320453;4473061.149715737;-3.67617781669281;40.40618792060733
3;1860;"CAVANILLES - NARCISO SERRA";"10/12/2004";442508.660983086;4473122.044732017;-3.67755308519645;40.40672847696619
9;2175;"GTA. ISAAC RABIN";"31/07/2013";438256.410731561;4480501.449269312;-3.72838058378874;40.47290050597326
5;803;"ALFONSO XIII 97 - COLEGIO PRESENTACION - PP";"01/01/1978";443433.260415244;4478677.643696816;-3.66715153176874;40.45683952220715
5;1379;"ALFONSO XIII - PINTOR RIBERA";"09/08/1993";443421.50582233;4478293.127482005;-3.66725588949955;40.45337481540489
5;222;"PPE. VERGARA - CONCHA ESPINA";"08/05/1967";442542.141821056;4478110.350616649;-3.67760940592415;40.45166795084751
5;818;"AV. RAMON CAJAL - GABRIEL Y GALAN";"01/01/1978";443066.221860165;4478160.841710921;-3.67143378074494;40.45215886123658
5;382;"ALFONSO XIII - AV. RAMON CAJAL";"23/09/1969";443403.424571737;4478175.301781408;-3.66745861349647;40.45231215353198
5;800;"AV. RAMON CAJAL -PADRE CLARET";"01/01/1978";443569.817328393;4478170.006341141;-3.66549595418763;40.45227576293404
5;113;"PL. CATALUÑA - CINCA - DR. ARCE";"08/01/1964";442436.41326168;4477792.003672596;-3.67882733854843;40.44879281781954
5;504;"PL. CATALUÑA - PPE. VERGARA";"11/04/1972";442518.378478693;4477786.879713466;-3.67786035172218;40.44875233054802
4;155;"SERRANO - JUAN BRAVO";"05/01/1966";441754.559525717;4476043.081065408;-3.68670731755015;40.4329902125935
4;162;"SERRANO - JOSE ORTEGA GASSET";"09/02/1966";441734.530178478;4475762.207776073;-3.68691769796909;40.4304585683529
4;157;"SERRANO - DON RAMON CRUZ";"10/01/1966";441716.658464793;4475635.851806166;-3.68711679585985;40.42931904079026
4;270;"SERRANO - HERMOSILLA";"01/01/1968";441668.955735541;4475321.730530932;-3.68765031482128;40.42648594052029
4;13;"SERRANO - GOYA";"01/01/1960";441644.524139203;4475199.958284536;-3.68792713650616;40.42538724343986
4;17;"SERRANO - JORGE JUAN";"01/01/1960";441626.896717987;4475046.860764347;-3.68812086901967;40.42400682956988
4;153;"SERRANO - VILLANUEVA";"03/01/1966";441608.062153752;4474882.712324411;-3.68832780817315;40.42252677828032
4;197;"SERRANO - RECOLETOS";"24/10/1966";441587.764290401;4474736.700296724;-3.688553652453;40.42121000534747
5;248;"VITRUVIO - JORGE MANRIQUE";"30/09/1967";441646.137351485;4477201.994662792;-3.68809194745514;40.44342264867494
5;1629;"SERRANO - TAMBRE - NERVION";"25/05/2000";441964.297129363;4477584.103390668;-3.68437546631533;40.44688713012078
4;1962;"SERRANO - PADILLA";"11/07/2006";441744.403905717;4475903.216440895;-3.68681422359116;40.43172953380365
4;2107;"SERRANO - GRAL. ORAA";"13/05/2010";441781.199804947;4476411.115641922;-3.68642696813998;40.43630750849968
4;2186;"MARIA MOLINA - LOPEZ HOYOS";"01/01/1960";441873.810750864;4476578.691451731;-3.68535044463441;40.4378235888941
5;166;"VELAZQUEZ - JOAQUIN COSTA";"21/03/1966";442100.934252523;4477096.784027829;-3.68271988668169;40.44250665683553
5;105;"VELAZQUEZ - LOPEZ HOYOS";"09/07/1963";442083.204445596;4476723.747493248;-3.68289492790626;40.43914493238761
4;50;"VELAZQUEZ - MARIA MOLINA";"01/01/1960";442064.946068772;4476559.202332614;-3.68309519415879;40.43766135928721
4;257;"VELAZQUEZ - GRAL. ORAA";"01/01/1968";442053.144780158;4476391.53985214;-3.68321904097617;40.43615015315238
4;169;"VELAZQUEZ - DIEGO LEON";"22/04/1966";442041.021996286;4476254.650149671;-3.68334947944079;40.43491614014636
4;1222;"VELAZQUEZ - MALDONADO";"17/09/1990";442034.642488285;4476140.403044567;-3.68341426987309;40.43388650251533
4;239;"VELAZQUEZ - JUAN BRAVO";"02/08/1967";442027.680283359;4476022.546438423;-3.68348559877165;40.43282430793345
4;1223;"VELAZQUEZ - PADILLA";"17/09/1990";442015.579298621;4475884.242199627;-3.68361564075419;40.4315775527003
4;52;"MARIA MOLINA - CASTELLO";"01/01/1960";442284.283976477;4476540.122208668;-3.68050748566428;40.43750472780783
4;53;"PPE. VERGARA - MARIA MOLINA";"01/01/1960";442400.108137186;4476530.209448926;-3.67914103268784;40.43742345921284
4;54;"FRANCISCO SILVELA - MARIA MOLINA";"01/01/1960";442538.120827237;4476534.222530126;-3.67751424224365;40.43746915866083
4;1227;"DIEGO LEON - CLAUDIO COELLO";"24/09/1990";441864.330376099;4476271.083352381;-3.68543407577024;40.43505184621502
4;1226;"DIEGO LEON - LAGASCA";"24/09/1990";441950.944302993;4476264.847947495;-3.68441237552543;40.4350017245787
5;409;"PPE. VERGARA - LOPEZ HOYOS";"08/07/1970";442439.910885888;4476976.725486143;-3.67871221470904;40.44144864738012
4;265;"FRANCISCO SILVELA - MALDONADO";"01/01/1968";442886.195279293;4476086.483392053;-3.67337023983732;40.43345967885577
4;264;"FRANCISCO SILVELA - JUAN BRAVO";"01/01/1968";442947.097182406;4475995.111588181;-3.67264405280771;40.43264073535422
4;174;"CONDE PEÑALVER - DON RAMON CRUZ";"02/06/1966";442713.208532536;4475559.04678609;-3.67536207898694;40.42869636811727
5;4689;"Pº CASTELLANA-SANTIAGO BERNABÉU";"11/08/2022";441470.526732401;4478045.26717383;-3.69024026718452;40.45100688295557
5;148;"PSO. HABANA - MATEO INURRIA";"27/09/1965";442429.265233143;4479881.494914796;-3.67910113560048;40.46761540733274
5;130;"AV. PIO XII - CAIDOS DIVISION AZUL";"14/01/1965";442821.988506722;4479833.020065174;-3.67446453118888;40.46720584744977
5;807;"PSO. HABANA - APOLONIO MORALES";"01/01/1978";442357.317991509;4479459.039707882;-3.67991138722323;40.46380475584503
5;422;"PSO. HABANA - ALFONSO XIII";"09/10/1970";442263.751005176;4479068.805271436;-3.68097946053678;40.46028285412135
4;175;"CONDE PEÑALVER - AYALA";"02/06/1966";442696.14498589;4475401.539152684;-3.67554903271412;40.42727628423212
4;263;"JOSE ORTEGA GASSET - GRAL. DIAZ PORLIER";"01/01/1968";442591.078001053;4475700.789136202;-3.67681459869025;40.42996483498519
4;260;"JOSE ORTEGA GASSET - ALCANTARA";"01/01/1968";442855.639486132;4475682.096226482;-3.67369411197018;40.42981465635514
4;786;"JOSE ORTEGA GASSET - MONTESA";"01/01/1978";442985.095111469;4475672.758012857;-3.67216717816987;40.42973941602115
4;2257;"FRANCISCO SILVELA - MEJICO";"20/12/2016";442724.958593807;4476306.792307579;-3.67529094586374;40.4354332436732
4;785;"DIEGO LEON - CASTELLO";"01/01/1978";442262.596612706;4476242.641534386;-3.68073614875845;40.43482337230336
4;209;"ALCALA - GRAL. DIAZ PORLIER - FELIPE II";"06/03/1967";442553.934710926;4475053.450858529;-3.67719397295516;40.42413072031942
4;16;"ALCALA - GOYA";"01/01/1960";442673.055980183;4475133.160619767;-3.67579700980295;40.42485700290224
4;210;"ALCALA - ALCANTARA";"06/03/1967";442819.874771824;4475210.566254183;-3.67407331573949;40.42556441608714
3;329;"MENENDEZ PELAYO - PL. NIÑO JESUS";"08/11/1968";442622.771465275;4473636.694232254;-3.67625475235175;40.41137258757636
3;546;"MENENDEZ PELAYO - AMADO NERVO";"09/01/1973";442566.058416011;4473516.390425201;-3.67691227545527;40.41028491570142
7;495;"GUZMAN EL BUENO - FERNANDO EL CATOLICO";"25/02/1972";439506.130916166;4476201.876509681;-3.71322924545607;40.43426021877046
7;408;"GUZMAN EL BUENO - MELENDEZ VALDES";"07/07/1970";439497.092980043;4476063.230818525;-3.71332259711172;40.43301058189173
7;493;"GUZMAN EL BUENO - RODRIGUEZ SAN PEDRO";"23/02/1972";439488.455056658;4475930.020153875;-3.71341174740393;40.43180993484835
1;67;"ALBERTO AGUILERA - GUZMAN EL BUENO";"01/01/1960";439454.039328588;4475774.190970484;-3.71380262470499;40.43040365427018
1;65;"ALBERTO AGUILERA - BLASCO DE GARAY";"01/01/1960";439613.488031257;4475751.064416937;-3.71192075553854;40.43020691073625
1;66;"ALBERTO AGUILERA - VALLEHERMOSO";"01/01/1960";439865.89008109;4475714.337024112;-3.70894182886027;40.42989433898495
1;99;"GTA. RUIZ GIMENEZ - MALASAÑA";"12/01/1962";440128.995612128;4475675.166840204;-3.70583652122469;40.42956045490228
1;666;"SANTA CRUZ MARCENADO - MARTIRES DE ALCALA";"26/06/1975";439566.665627807;4475672.162501727;-3.71246522190156;40.42949272768649
1;41;"SAN BERNARDO - NOVICIADO";"01/01/1960";439996.900719021;4475225.797097032;-3.70735130089982;40.42550281345322
1;68;"ALBERTO AGUILERA - GALILEO";"01/01/1960";439732.577642085;4475733.231495478;-3.71051517221056;40.43005490074027
7;1459;"BRAVO MURILLO - GARCIA PAREDES";"23/08/1996";440269.363023581;4476519.724396642;-3.70426118079491;40.43717869545743
7;86;"BRAVO MURILLO - DONOSO CORTES - VIRIATO";"01/01/1960";440264.032967784;4476391.116143089;-3.70431193112691;40.43601975300319
7;88;"BRAVO MURILLO - FERNANDEZ RIOS";"01/01/1960";440261.49737138;4476265.951590486;-3.70433005880089;40.434892033413
7;492;"FUENCARRAL - GONZALO CORDOBA";"17/02/1972";440316.441836391;4475957.493183541;-3.70365333115598;40.43211724749235
7;91;"FUENCARRAL - ALBURQUERQUE";"01/01/1960";440344.48800737;4475862.955977548;-3.70331382504946;40.43126762589443
7;93;"FUENCARRAL - HARTZEMBUSCH";"01/01/1960";440387.834119564;4475736.993406031;-3.70279101570309;40.43013600581256
7;230;"LUCHANA - TRAFALGAR";"10/06/1967";440620.493326457;4475781.819806888;-3.70005248783246;40.43055646321076
7;641;"LUCHANA - MANUEL SILVELA";"27/11/1974";440671.156609076;4475838.543835722;-3.69946053164902;40.43107107427167
7;1235;"GRAL. ALVAREZ CASTRO - FEIJOO";"31/10/1990";440464.371595756;4476253.214600415;-3.70193710451177;40.43479184014651
7;4638;"LUCHANA -JUAN DE AUSTRIA";"15/06/2021";440716.54281287;4475892.55845015;-3.69893052423074;40.43156089859505
7;75;"CEA BERMUDEZ - GALILEO";"01/01/1960";439788.994455798;4476710.470514301;-3.70994268769083;40.43886237708247
7;76;"CEA BERMUDEZ - VALLEHERMOSO - COLEGIO P.P.";"01/01/1960";439927.391909513;4476700.664384441;-3.70831004675273;40.43878404852847
7;77;"CEA BERMUDEZ - BOIX MORER";"01/01/1960";440081.050000968;4476696.253780732;-3.70649799463428;40.43875540184318
7;896;"BLASCO DE GARAY - MELENDEZ VALDES";"29/11/1978";439640.493880146;4476056.553247313;-3.71163140601058;40.43296084633774
7;644;"BLASCO DE GARAY - RODRIGUEZ SAN PEDRO";"29/11/1978";439632.556532345;4475920.476851804;-3.71171205522379;40.43173443543561
7;645;"GALILEO - FERNANDEZ DE LOS RIOS";"15/01/1975";439763.892361544;4476303.585737338;-3.71020007245388;40.43519516740275
7;369;"VALLEHERMOSO - MELENDEZ VALDES";"16/07/1969";439883.657549407;4476041.532536163;-3.70876332298329;40.43284314389638
7;494;"VALLEHERMOSO - RODRIGUEZ SAN PEDRO";"24/02/1972";439872.724044227;4475902.683288347;-3.70887908299346;40.43159153888459
7;1092;"FERNANDO EL CATOLICO - GALILEO";"02/03/1984";439754.911784071;4476178.249266638;-3.71029406668706;40.43406543203884
7;79;"SANTA ENGRACIA - JOSE ABASCAL";"01/01/1960";440605.599345006;4476664.098297626;-3.70031052327663;40.43850336162131
7;247;"SANTA ENGRACIA - GARCIA PAREDES-PONZANO";"16/09/1967";440672.658006667;4476468.211478618;-3.69950161120091;40.43674351247282
7;480;"SANTA ENGRACIA - VIRIATO";"30/11/1971";440703.294007021;4476362.419337631;-3.6991305499172;40.43579267425045
7;476;"SANTA ENGRACIA - PL. PINTOR SOROLLA";"25/11/1971";440735.571781865;4476268.158146525;-3.69874121907916;40.43494582759813
7;251;"PL. CHAMBERI - SANTA ENGRACIA";"21/10/1967";440819.722468433;4475981.700890715;-3.69772245899199;40.43237128205229
7;235;"SANTA ENGRACIA - ZURBARAN";"12/07/1967";440922.28176269;4475687.274173154;-3.69648602727762;40.42972624071383
7;83;"JOSE ABASCAL - FERNANDEZ DE LA HOZ";"01/01/1960";441092.519033925;4476625.517971876;-3.69456615089822;40.4381904471947
7;85;"PL. GREGORIO MARAÑON - PSO. CASTELLANA";"01/01/1960";441420.162999502;4476601.671562071;-3.69070103597839;40.4379987723669
7;416;"GRAL. MARTINEZ CAMPOS - MODESTO LAFUENTE";"17/08/1970";440925.773506277;4476277.075781487;-3.69649968344848;40.43503969332485
7;445;"GRAL. MARTINEZ CAMPOS - FERNANDEZ DE HOZ";"23/05/1971";441067.279715878;4476277.79756564;-3.69483147382866;40.43505623453778
7;544;"GRAL. MARTINEZ CAMPOS - ZURBANO";"22/12/1972";441209.991269672;4476282.617505989;-3.69314943184159;40.43510975497553
7;486;"GRAL. MARTINEZ CAMPOS - MIGUEL ANGEL";"04/01/1972";441368.131097524;4476287.437290058;-3.69128549589216;40.43516433735414
7;782;"MIGUEL ANGEL - GARCIA PAREDES";"01/01/1978";441371.709785707;4476439.50358326;-3.6912573345212;40.4365344735598
7;472;"SANTA ENGRACIA - BRETON DE LOS HERREROS-BOMBEROS";"19/11/1971";440566.423723851;4476792.421477682;-3.70078440787337;40.43965655458634
7;279;"SANTA ENGRACIA - MAUDES";"09/01/1968";440364.327669528;4477430.740151037;-3.70322708525591;40.44539233597253
7;281;"SANTA ENGRACIA - MARIA DE GUZMAN";"19/01/1968";440400.926220445;4477311.043772852;-3.70278431304672;40.44431668406065
7;280;"SANTA ENGRACIA - CRISTOBAL BORDIU";"09/01/1968";440442.188545281;4477184.919622707;-3.70228596273337;40.44318346006977
7;60;"BRAVO MURILLO - RAMIRO II";"01/01/1960";440291.172358249;4477280.242807416;-3.7040755280732;40.44403134098949
7;328;"BRAVO MURILLO - AV. FILIPINAS";"06/11/1968";440251.009641172;4477070.217297838;-3.70452933132553;40.44213645595548
7;191;"RIOS ROSAS - ALONSO CANO";"19/09/1966";440847.078693364;4477027.911755842;-3.69749734935779;40.44179796785865
7;192;"RIOS ROSAS - MODESTO LAFUENTE";"19/09/1966";440973.258234012;4477018.660345544;-3.69600875720302;40.44172359395947
7;71;"RIOS ROSAS - AGUSTIN BETANCOURT";"01/01/1960";441098.757619653;4476994.140307244;-3.69452677185425;40.44151160600912
7;798;"AGUSTIN DE BETANCOURT - CRISTOBAL BORDIU";"01/01/1978";441078.897866946;4477145.6069495;-3.6947749777029;40.44287467843042
7;72;"PL. SAN JUAN DE LA CRUZ";"01/01/1960";441335.668534949;4476947.264877678;-3.69172913089675;40.44110607918401
7;73;"PSO. CASTELLANA - BRETON HERREROS";"01/01/1960";441347.189130983;4476754.204635072;-3.69157547458297;40.43936771685214
8;988;"AV. ILUSTRACION - AV. BETANZOS";"06/02/1981";439570.683493326;4481311.856124748;-3.71295466241774;40.48029760249106
8;1173;"AV. ILUSTRACION - CENTRO CIVICO";"28/04/1989";439868.962654845;4481391.944853804;-3.70944336952397;40.48104072404096
8;1083;"AV. ILUSTRACION - GINZO LIMIA";"24/10/1983";440232.152645191;4481486.738116271;-3.70516759381586;40.48192087819922
8;1172;"AV. ILUSTRACION - ARZOBISPO MORCILLO";"28/04/1989";440710.718381722;4481695.780764082;-3.69954121328447;40.48383832301266
6;780;"PSO. CASTELLANA - AGUSTIN FOXA";"01/01/1978";441638.476304564;4479922.367044862;-3.68843236212392;40.46792842201376
6;114;"PSO. CASTELLANA - PL. CASTILLA";"08/01/1964";441561.014540299;4479708.97942575;-3.68932638426451;40.46600069108614
6;108;"PSO. CASTELLANA - ROSARIO PINO - ESTEBANEZ CALDERON";"30/12/1963";441518.041204156;4479237.581580565;-3.68978980536156;40.4617511153836
5;1095;"PSO. CASTELLANA - JORGE MANRIQUE";"10/07/1984";441391.209067705;4477225.994486218;-3.69109999567434;40.44362091904829
5;249;"ALBERTO ALCOCER - PADRE DAMIAN";"11/10/1967";441875.587723539;4478906.198725716;-3.68554251418343;40.45879096187878
6;1049;"PSO. CASTELLANA - PTOR. JUAN GRIS";"10/03/1982";441446.456901252;4478779.270140872;-3.69059179834957;40.45761740779201
6;794;"GRAL. PERON - POETA JOAN MARAGALL";"01/01/1978";441257.3011017;4478186.027242807;-3.69276769289601;40.45225986990435
6;305;"GRAL. PERON - PRESIDENTE CARMONA-EDGAR NEVILLE";"27/05/1968";440905.590308484;4478210.880504225;-3.69691753116215;40.45245882773591
6;795;"GRAL. PERON - AVILA - INFANTA MERCEDES";"01/01/1978";440700.478553388;4478227.276603739;-3.69933783425121;40.45259192260788
6;1617;"PSO. CASTELLANA - HNOS. PINZON";"15/02/2000";441404.799946334;4477837.876708833;-3.69099619580415;40.44913398699246
6;4667;"GRALPERON-FORTUNATA Y JACINTA-AVIADOR ZORITA";"05/01/2023";440773.263509558;4478222.255704633;-3.69847905067536;40.45255188180619
5;4688;"Pº CASTELLANA -Pº HABANA,P.P";"11/08/2022";441437.372093226;4477663.29810167;-3.6905960099978;40.44756360018171
5;819;"PSO. HABANA 208";"01/01/1978";442416.935524662;4479755.837348827;-3.67923516231695;40.46648257424488
5;808;"AV. PIO XII - JEREZ";"01/01/1978";442701.576047816;4479476.33904699;-3.67585259906157;40.46398440877431
5;215;"PL. PERU - PPE. VERGARA";"10/04/1967";442635.005643835;4479073.929911118;-3.67660139190568;40.46035473187477
5;1309;"ALBERTO ALCOCER - VICTOR ANDRES BELAUNDE";"28/02/1992";442324.097265501;4478885.158439872;-3.68025105700334;40.45863267178485
5;217;"PL. REPUBLICA DOMINICANA - PPE. VERGARA";"19/04/1967";442618.243263436;4478882.576487565;-3.67678178649029;40.45862977569693
5;815;"PL. JOSE MARIA SOLER";"01/01/1978";443342.256292247;4478923.54252782;-3.66824671875138;40.45904849605606
5;1435;"PSO. HABANA - HERREROS TEJADA";"28/09/1995";442178.595338351;4478549.368292122;-3.68193645993342;40.45559761177989
5;802;"PSO. HABANA - INFANTA MARIA TERESA";"01/01/1978";442043.786324862;4478416.243135192;-3.68351411599696;40.45438897043267
6;181;"BRAVO MURILLO - POETA JOAN MARAGALL";"28/06/1966";441361.165079104;4479650.020860333;-3.69167812920297;40.46545548585862
6;431;"BRAVO MURILLO - ULPIANA BENITO";"05/01/1971";441229.952788907;4479616.274289419;-3.6932226192404;40.46514221124998
6;2227;"POETA JOAN MARAGALL- ESTEBANEZ CALDERON";"07/10/2015";441367.641261351;4479439.517872178;-3.69158229430491;40.46355964363526
6;513;"BRAVO MURILLO - VIÑA VIRGEN - PINOS ALTA";"29/05/1972";441124.177906134;4479567.535514253;-3.69446567879213;40.46469566312997
6;180;"BRAVO MURILLO - CAPITAN BLANCO ARGIBAY";"25/06/1966";441028.597420141;4479529.238586364;-3.695589454007;40.46434388985629
6;401;"BRAVO MURILLO - AZUCENAS - ROSA SILVA";"15/06/1970";440929.08851879;4479404.52575842;-3.69675150701118;40.46321335646231
6;1375;"BRAVO MURILLO - SAN FELIPE";"22/06/1993";440856.420767571;4479300.107287447;-3.69759884405495;40.46226754241169
6;63;"BRAVO MURILLO - LOPE HARO -  SAN GERMAN";"01/01/1960";440518.33993773;4478768.490390391;-3.7015364065023;40.45745438689346
6;991;"POETA JOAN MARAGALL - ROSARIO PINO";"06/02/1981";441356.455757723;4479277.815231729;-3.69169927827664;40.46210216855085
6;774;"POETA JOAN MARAGALL - FRANCISCO GERVAS";"01/01/1978";441342.626825199;4479122.551034545;-3.69184802902463;40.46070250665976
6;773;"POETA JOAN MARAGALL - SOR ANGELA CRUZ";"01/01/1978";441329.328989759;4478952.158329902;-3.69198911204128;40.45916659772863
6;468;"SAN GERMAN - POETA JOAN MARAGALL";"09/11/1971";441301.223860275;4478629.01799832;-3.69229069301319;40.45625362615247
6;788;"POETA JOAN MARAGALL - PEDRO TEIXEIRA";"01/01/1978";441291.763806296;4478489.692190815;-3.69238937244645;40.45499785084048
6;954;"INFANTA MERCEDES - ORENSE - ROSARIO PINO";"04/03/1980";441125.987895713;4479327.550856622;-3.69442206629412;40.46253390980582
6;990;"ORENSE - FRANCISCO GERVAS";"06/02/1981";441152.430104678;4479146.327957096;-3.69409339711389;40.46090325111299
6;989;"ORENSE - SOR ANGELA CRUZ";"06/02/1981";441127.829886178;4478971.341202579;-3.69436729985691;40.45932515411016
6;412;"SAN GERMAN - ORENSE- JULIAN BESTEIRO";"24/07/1970";441101.547134931;4478644.136036027;-3.69464690990544;40.45637568864232
6;787;"ORENSE - PEDRO TEXEIRA";"01/01/1978";441090.428089931;4478506.938851336;-3.69476530747345;40.45513896966405
6;379;"SAN GERMAN - INFANTA MERCEDES";"08/09/1969";440814.52686913;4478685.228561309;-3.69803561323065;40.45672547639033
6;1507;"INFANTA MERCEDES - FRANCISCO GERVAS";"13/11/1997";441000.83710894;4479183.900684789;-3.69588476899775;40.4612309721088
6;1532;"POETA JOAN MARAGALL - PINTOR JUAN GRIS";"16/06/1998";441314.241028637;4478786.064387494;-3.69215169817486;40.45766928695489
6;1993;"SOR ANGELA CRUZ 30 - P.P.";"02/04/2007";440861.789944328;4479090.000543965;-3.69751594134107;40.46037519615493
6;735;"BRAVO MURILLO - SAN ENRIQUE";"30/06/1977";440455.730147998;4478627.265923913;-3.70226153735545;40.4561776951162
6;405;"BRAVO MURILLO - HERNANI";"25/06/1970";440320.952604643;4477759.946747452;-3.70376946329089;40.44835485615832
5;62;"AV. AMERICA - CARTAGENA";"01/01/1960";442885.635176197;4476723.656722692;-3.67343411117252;40.43919961508693
9;349;"AV. REINA VICTORIA - GRAL. IBAÑEZ IBERO";"30/04/1969";439751.202536438;4477596.420815276;-3.71047228145126;40.44684064995482
9;348;"AV. REINA VICTORIA - GUZMAN BUENO";"25/04/1969";439594.916383682;4477548.997261664;-3.71231061045517;40.44640209826396
7;1232;"SAN FRANCISCO SALES - AV. PABLO IGLESIAS";"23/10/1990";440003.664767045;4477482.669517881;-3.70748464021215;40.44583418875366
6;1290;"AV. PABLO IGLESIAS - JUAN MONTALVO";"07/11/1991";439880.886027121;4477718.891507288;-3.70895471814954;40.44795330479282
9;573;"PTE. FRANCESES - AV. VALLADOLID";"08/06/1973";437698.733393471;4476208.470705489;-3.73453766668722;40.43418619891667
2;856;"GTA. PIRAMIDES";"01/01/1978";439373.837327798;4472496.918501366;-3.71443574857537;40.40087466182428
2;543;"MENDEZ ALVARO - PEDRO BOSCH";"04/12/1972";442273.273379533;4471899.481763721;-3.68021615044992;40.3956986808461
2;1554;"MENDEZ ALVARO - SABAL";"17/12/1998";442144.455715312;4472042.324335571;-3.68174693564;40.39697654584265
2;2041;"MENDEZ ALVARO - ESTRELLA NAOS";"21/12/2007";442077.377560948;4472113.706700808;-3.68254379884399;40.39761493418374
2;2142;"MENDEZ ALVARO - GRAL LACY";"04/10/2012";441405.384555641;4472931.818955531;-3.6905371361053;40.40493790509773
2;522;"MENDEZ ALVARO - ESTACION ATOCHA - P.P";"01/08/1972";441313.543641555;4473047.299271077;-3.69163005430504;40.40597174225422
4;435;"DR. ESQUERDO - O'DONNELL";"24/02/1971";443252.667729743;4474714.492939803;-3.66892735510152;40.4211251594026
7;208;"PL. CRISTO REY";"02/03/1967";439142.275903361;4476752.441527563;-3.7175715452027;40.43919339157966
3;436;"ALC. SAINZ BARANDA - DR. ESQUERDO";"03/03/1971";443209.846026745;4474192.853667613;-3.66938551995291;40.41642303341327
3;1183;"DR. ESQUERDO - MONEDA";"05/12/1989";443190.307995019;4473969.467497612;-3.66959585021715;40.41440931719603
3;549;"DR. ESQUERDO - PEZ VOLADOR";"19/01/1973";443179.884886748;4473799.726916603;-3.66970353558038;40.41287949081285
3;112;"DR. ESQUERDO - AV. NAZARET - ASTROS";"07/01/1964";443163.946163424;4473634.639539526;-3.66987663566101;40.41139120595949
3;649;"DR. ESQUERDO - ESTRELLA POLAR";"12/02/1975";443155.914277136;4473463.515117509;-3.66995600639683;40.40984907550782
3;516;"DR. ESQUERDO - LIRA";"20/06/1972";443145.598086163;4473309.394549847;-3.6700638133052;40.4084599686509
3;824;"ESTRELLA POLAR - PEZ AUSTRAL";"01/01/1978";443501.314590368;4473612.608958539;-3.66589866955041;40.41121571003772
2;617;"EMBAJADORES - BATALLA SALADO";"15/04/1974";440865.615516324;4472079.336383881;-3.69681867681614;40.39722014530845
2;616;"EMBAJADORES - DIVINO VALLES";"15/04/1974";440918.597360303;4471978.873196024;-3.69618507927718;40.39631888138712
2;1245;"EMBAJADORES - BRONCE";"17/01/1991";441371.172151262;4470988.561308939;-3.69076137350288;40.38742960557807
2;1945;"EMBAJADORES,276 - PUERTO BEJAR P.P";"03/04/2006";441479.133832079;4470841.696462678;-3.68947597128471;40.38611415786644
2;1909;"HIERRO - ANTRACITA";"22/10/2005";441404.25276983;4471298.412906719;-3.69040014979989;40.39022324364623
2;1908;"HIERRO - BRONCE";"22/10/2005";441487.169058559;4471112.174803082;-3.68940615338636;40.38855133845138
2;4576;"EMBAJADORES-GRANITO";"18/11/2019";441122.840363618;4471568.85744615;-3.6937406422397;40.39263970842608
2;158;"PSO. DELICIAS - MURCIA";"14/01/1966";441158.376982049;4472970.472751624;-3.69345149050178;40.40526869759359
2;168;"PSO. DELICIAS - DELICIAS";"14/04/1966";441147.228781256;4472843.772011979;-3.69357114780625;40.4041265247894
2;23;"PSO. DELICIAS - ANCORA";"01/01/1960";441136.028834385;4472719.272049796;-3.69369161462675;40.40300417374218
2;24;"PSO. DELICIAS - FERROCARRIL";"01/01/1960";441108.118074856;4472474.776550185;-3.69399789073963;40.40079965916071
2;171;"PSO. DELICIAS - CIUDAD REAL";"10/05/1966";441102.920808378;4472377.031856321;-3.69405008944826;40.39991875698653
2;196;"PSO. DELICIAS - CACERES - TOMAS BRETON";"11/10/1966";441075.158142887;4472105.265263226;-3.6943520724507;40.39746857880792
2;202;"PSO. DELICIAS - DIVINO VALLES - JUAN VERA";"26/11/1966";441063.78272316;4471968.117768522;-3.69447341288778;40.39623227788715
2;237;"PL. BEATA MARIA ANA JESUS";"26/07/1967";441042.246989993;4471740.810964408;-3.69470611503655;40.39418305520126
2;4537;"GRAL LACY - BUSTAMANTE";"25/10/2018";441365.050638575;4472461.639675714;-3.69096912703886;40.4006994472641
2;1713;"RETAMA - ACANTO";"05/06/2002";442766.289674115;4471844.627171852;-3.6744022032179;40.39523854666424
2;1127;"AV. PLANETARIO - MENESES - PLANETARIO";"17/09/1986";442062.46025894;4471683.422439529;-3.68268041745899;40.39373766170268
2;854;"ANCORA - GRAL. LACY";"01/01/1978";441380.128639483;4472702.198911089;-3.69081360890494;40.40286759139718
2;428;"ANCORA - RAFAEL RIEGO";"04/11/1970";441256.66854498;4472711.171556987;-3.69226926814189;40.40293972044851
3;139;"ALFONSO XII -  ANTONIO MAURA - JUAN MENA";"17/07/1965";441548.804627227;4474316.757070499;-3.68897427662217;40.41742421286758
3;143;"ALFONSO XII - CLAUDIO MOYANO";"17/07/1965";441561.755381339;4473449.761626175;-3.6887419950284;40.40961478969824
3;152;"AV. CIUDAD BARCELONA - ALFONSO XII";"30/12/1965";441538.05323473;4473160.236167017;-3.68899472617329;40.40700493168037
1;2158;"PSO. PRADO - ALMADEN - BOTANICO P.P";"24/04/2013";441228.90446724;4473597.061457589;-3.69267824657946;40.41091830730544
1;204;"PSO. PRADO - PLATERIAS - CUATRO FUENTES";"23/12/1966";441209.875165282;4473788.491025645;-3.69292019947652;40.41264145674029
2;283;"PSO. SANTA MARIA CABEZA - DELICIAS";"01/02/1968";440957.071710887;4472859.63792715;-3.69581343590441;40.40425598978494
2;284;"PSO. SANTA MARIA CABEZA - PSO. ESPERANZA";"15/02/1968";440414.451462786;4472154.935415586;-3.70214173234901;40.39786902142325
2;548;"BATALLA SALADO - PALOS FRONTERA";"12/01/1973";440945.299014693;4472738.729404108;-3.69594094804594;40.40316594961845
2;574;"BATALLA SALADO - CANARIAS";"13/06/1973";440937.269229118;4472610.522066973;-3.69602367388483;40.40201042321381
2;602;"BATALLA SALADO - FERROCARRIL";"17/12/1973";440924.461874684;4472489.734145495;-3.6961633819642;40.40092139549402
1;96;"GTA. CARLOS V - PSO. DELICIAS";"01/01/1960";441167.263067241;4473176.854842091;-3.69336585334689;40.40712852021143
2;1604;"PSO. ESPERANZA - GARGANTILLA";"17/11/1999";440329.212836813;4472297.11185044;-3.70315941734687;40.39914371472184
2;1740;"PSO. SANTA MARIA CABEZA - MARTIN SOLER";"30/12/2002";440795.682215443;4472688.608245433;-3.69769934899714;40.40270380772461
2;1737;"PSO. SANTA MARIA CABEZA - BERNARDINO OBREGON";"27/11/2002";440720.751107084;4472585.791678695;-3.69857274524237;40.40177225295123
2;1735;"PSO. SANTA MARIA CABEZA - PEÑUELAS";"20/11/2002";440510.170267933;4472286.69283855;-3.70102619643226;40.39906280206274
1;308;"RDA. ATOCHA - FRAY LUIS LEON - VALENCIA";"07/06/1968";440653.121633063;4473045.789756097;-3.69941255447231;40.40591132805687
1;309;"RDA. VALENCIA - MESON PAREDES";"07/06/1968";440519.433221757;4472998.388686178;-3.70098355229509;40.40547477521986
2;606;"PSO. ACACIAS - PSO. ESPERANZA";"08/01/1974";440047.407144982;4472830.511040781;-3.70653020709845;40.4039285950103
2;471;"PSO. ACACIAS - GASOMETRO";"18/11/1971";439903.692935829;4472779.374767413;-3.70821890180748;40.40345757399176
2;489;"EMBAJADORES - PALOS FRONTERA - LABRADOR";"27/01/1972";440547.428526376;4472675.018487803;-3.70062344377361;40.40256369535102
2;490;"EMBAJADORES - SEBASTIAN ELCANO - MORATINES";"27/01/1972";440457.441517115;4472827.272879791;-3.70169806983255;40.40392884829594
1;269;"HORTALEZA - INFANTAS";"01/01/1968";440565.19673017;4474721.09772025;-3.70060520206239;40.42099703831362
1;374;"HORTALEZA - AUGUSTO FIGUEROA";"20/08/1969";440675.410672816;4474912.326741263;-3.6993239542258;40.4227275845586
1;510;"CUESTA SAN VICENTE-BAILEN-FERRAZ";"25/05/1972";439506.731002981;4474841.749266018;-3.71309274618441;40.42200764449962
1;4546;"GRAN VIA - VICTOR HUGO";"13/11/2018";440768.082472949;4474534.841770905;-3.69819644850787;40.41933362287688
9;1224;"ISAAC PERAL - DONOSO CORTES";"24/09/1990";439095.703991677;4476470.49808316;-3.71809360804525;40.43665011980107
9;1420;"PRINCESA - PL. MONCLOA";"16/06/1995";439042.674817516;4476184.816746273;-3.71869140036136;40.43407269916927
9;1904;"PSO. PTOR. ROSALES - ROMERO ROBLEDO";"28/09/2005";438634.329860096;4475815.518859382;-3.72346979953083;40.43071588496435
9;2137;"QUINTANA - MARTIN DE LOS HEROS";"12/07/2012";439197.39872079;4475523.482687631;-3.71680406833739;40.42812644757709
9;2162;"PSO. MORET - MARTIN DE LOS HEROS";"02/08/2013";438788.646399311;4476181.732073782;-3.72168589231176;40.434026254434
7;150;"SAN FRANCISCO SALES - GUZMAN BUENO";"21/10/1965";439548.392620849;4477119.35770394;-3.71281830086509;40.44252834727438
7;423;"SAN FRANCISCO SALES - SANTANDER";"10/10/1970";439742.443022474;4477271.823836057;-3.71054477508214;40.44391591139146
7;1522;"CEA BERMUDEZ - GAZTAMBIDE";"29/04/1998";439341.604659837;4476744.317338351;-3.71522066438473;40.43913476936612
7;74;"CEA BERMUDEZ - ANDRES MELLADO";"01/01/1960";439437.377216823;4476739.240018038;-3.71409101338165;40.43909601131288
7;487;"CEA BERMUDEZ - GUZMAN EL BUENO";"18/01/1972";439550.409141331;4476733.824098094;-3.71275784197131;40.43905544677865
7;4536;"GUZMAN EL BUENO - AVIACION ESPAÑOLA";"08/10/2018";439549.04324992;4476842.549243079;-3.71278429050252;40.4400347890335
7;646;"GUZMAN BUENO - MELQUIADES ALVAREZ";"24/01/1975";439557.982525279;4476976.859497319;-3.71269167184622;40.44124536154549
9;1094;"ISAAC PERAL - DOMENICO SCARLATI";"11/04/1984";439091.821470918;4476954.802213386;-3.71818580713377;40.44101264488674
5;1680;"LOPEZ HOYOS - PADRE CLARET";"12/06/2001";443616.953011026;4477962.360847169;-3.66492166847223;40.45040838931753
4;421;"CARTAGENA - FERRER  DEL RIO";"25/09/1970";443183.794874503;4476381.718849383;-3.66988817136794;40.43613969198768
9;1324;"SINESIO DELGADO - NAVALPERAL";"12/05/1992";438173.60254082;4479070.247062655;-3.72921792897157;40.46000158550648
9;718;"AV. JUAN HERRERA - MARTIN FIERRO";"01/02/1977";437881.105188747;4476668.03615013;-3.73243257727605;40.4383397818542
9;1842;"PSO. DE LA FLORIDA 57 - MOZART";"17/09/2004";438492.210180571;4475132.332069527;-3.72507909251015;40.42455096001803
9;1899;"SAN POL DE MAR-RIBERA MANZANARES-COMANDANTE FORTEA";"12/08/2005";438307.324649075;4475099.085960947;-3.72725520712853;40.42423777660139
9;366;"PSO. DE LA FLORIDA - MOZART";"04/07/1969";438770.617372647;4474823.184922801;-3.72176759388823;40.4217865663916
9;571;"GTA. SAN VICENTE";"29/05/1973";438883.827922006;4474649.90689754;-3.72041652383139;40.42023392614303
9;481;"CUESTA  SAN VICENTE - PSO. REY";"01/12/1971";439072.648885618;4474653.336091795;-3.71819126154311;40.42027866457287
2;310;"SEGOVIA - RDA. SEGOVIA";"20/06/1968";439176.089309158;4473945.555331222;-3.71690435053477;40.41391022803539
9;865;"ANTONIO MACHADO - ALC. MARTIN ALZAGA";"01/01/1978";439008.398014999;4479314.228604892;-3.71939603404655;40.46226115419986
9;1030;"DR. FEDERICO RUBIO - FRANCISCO DIEGO";"01/10/1981";439398.315011484;4478505.331556167;-3.71472007561475;40.4550028290781
8;623;"GTA. PIEDRAFITA DE CEBRERO";"17/06/1974";439651.974057117;4480265.290893448;-3.71189606901697;40.47087567461549
8;974;"RIBADAVIA - CHANTADA";"05/09/1980";439793.527058867;4480429.011070023;-3.71024189854661;40.47236079906936
8;940;"AV. BETANZOS - LA BAÑEZA";"04/01/1980";439668.185240318;4480906.323505973;-3.71176582243169;40.47665150894242
8;941;"RIBADAVIA 20,P.P";"07/01/1980";440211.596750529;4480469.179673807;-3.70531416871533;40.4727528519643
8;1259;"SINESIO DELGADO - GINZO LIMIA";"09/04/1991";440488.619670646;4480581.056801561;-3.70205690403473;40.47378057913934
8;1282;"PL. MONDOÑEDO";"17/09/1991";440447.684468943;4480679.228702627;-3.70254900060262;40.47466201517855
8;845;"MELCHOR FERNANDEZ ALMAGRO - AV. FERROL";"01/01/1978";440099.461416751;4480856.789248691;-3.70667352288073;40.47623650504136
8;1458;"MELCHOR FERNANDEZ ALMAGRO - VILLA MARIN";"20/08/1996";440746.234501294;4481021.054490872;-3.6990591407898;40.47776266778296
8;1739;"SINESIO DELGADO - PARQUE - P.P.";"26/12/2002";440060.368574653;4480345.832758824;-3.70708639886169;40.47163079667104
6;1634;"AV. ASTURIAS - PSO. DIRECCION";"21/06/2000";440701.805056045;4480414.340324876;-3.69952654436034;40.47229397975043
6;1633;"AV. ASTURIAS - SOROLLA - MONTOYA";"21/06/2000";440927.99148105;4480190.568237175;-3.69683762704413;40.47029426854895
5;648;"LOPEZ HOYOS - CLARA REY";"05/02/1975";443363.380960766;4477735.789751212;-3.66789162836683;40.44835008783785
4;420;"CARTAGENA - PILAR ZARAGOZA";"23/09/1970";443147.353174909;4476210.516935663;-3.67030249110775;40.43459492825935
4;934;"AV. TOREROS - JULIO CAMBA";"06/12/1979";443585.700937213;4475975.368425179;-3.66511375431853;40.43250643749465
4;368;"AV. BRUSELAS - AV. BONN";"08/07/1969";443754.886571035;4476647.648084293;-3.66317871666052;40.43857413882085
4;1062;"AV. TOREROS - ROBERTO DOMINGO";"07/09/1982";443893.11599246;4476075.775907182;-3.6614984834;40.43343175450673
4;932;"MARTINEZ IZQUIERDO - VILLAFRANCA";"28/11/1979";443549.392052978;4476270.69478051;-3.66556803344794;40.43516442635605
4;1689;"AZCONA 23 - P.P.";"05/10/2001";443255.704384483;4476195.148472794;-3.66902372216976;40.43446388085259
4;1386;"AV. TOREROS -FRANCISCO ALTIMIRAS";"14/05/1994";443713.964522393;4476090.728130201;-3.66361186390006;40.43355434745741
4;1478;"CARTAGENA 69 - P.P.";"10/12/1996";443107.379925186;4476481.855266126;-3.67079804414447;40.43703654718723
4;1699;"AZCONA - CAMILO JOSE CELA";"16/01/2002";443407.284538413;4476300.695279348;-3.66724608371853;40.4354250284682
8;841;"MONFORTE LEMOS - AV. BETANZOS";"01/01/1978";439639.003259607;4481030.424835498;-3.71212188443927;40.47776733793336
4;211;"ALCALA - MARTIRES CONCEPCIONISTAS";"07/03/1967";443105.44956064;4475381.327187938;-3.67072229068237;40.42712229743409
4;104;"PL. MANUEL BECERRA - BOMBEROS";"13/12/1962";443279.554603455;4475491.106945339;-3.66867971678249;40.42812313937679
4;624;"ALCALA 215, P.P. - MAESTRO ALONSO";"25/06/1974";443558.70250597;4475667.948802315;-3.66540474259603;40.42973520979191
8;1091;"MONFORTE LEMOS - BOMBEROS";"05/01/1984";440750.672265412;4481252.790804884;-3.69902844167856;40.47985055395215
5;816;"PADRE DAMIAN - GALDIANO - COLEGIO";"01/01/1978";441858.77755543;4478741.101601645;-3.68572564464632;40.45730251820306
5;255;"PADRE DAMIAN 18 - COLEGIO - P.P.";"10/11/1967";441744.534699354;4478503.186875161;-3.68705111653958;40.45515127680237
2;1423;"TOLEDO -JUAN ANTONIO VALLEJO-NAJERA BOTAS";"29/06/1995";439479.439547499;4472764.052570387;-3.71321679161247;40.40328881454819
1;338;"TOLEDO - ARGANZUELA - HUMILLADERO";"08/01/1969";439743.908633107;4473407.301882611;-3.71016123194365;40.40910269154647
1;1265;"PL. PUERTA CERRADA - TINTOREROS";"14/05/1991";439912.630025779;4473916.661480223;-3.70822097688221;40.41370343832649
1;427;"PL. TIRSO MOLINA - DR. CORTEZO";"28/10/1970";440270.294935944;4473776.81835274;-3.70399252592511;40.41246940898108
1;621;"CONCEPCION JERONIMA - DUQUE RIVAS";"01/06/1974";440065.201453687;4473937.72649919;-3.70642480505528;40.41390420257894
2;2218;"PSO. IMPERIAL - GIL IMON";"14/08/2015";439164.613860209;4473193.306752983;-3.71696767399214;40.40713279187879
5;652;"AV. PIO XII - BAMBU";"05/03/1975";442561.444149944;4480524.358252912;-3.67760027131795;40.47341575071025
10;10021;"SEPULVEDA 153 - P.P.";"16/07/2019";436307.790072673;4472783.685762143;-3.75059273563517;40.40322910070517
12;1646;"ESTAFETA - GIRALDA - CARABELOS";"27/09/2000";441213.42683948;4469572.327445601;-3.69248913774438;40.37466027776339
17;1960;"OROVILLA - CIRCULO";"05/07/2006";441415.266321424;4468223.286829967;-3.68998774002577;40.36252155938421
17;2163;"AV. ROSALES - NIQUEL P.P.";"02/09/2013";442334.023683309;4467153.737271452;-3.67907103014964;40.35295045157567
17;2223;"AV. ROSALES - EUSKALDUNA";"18/09/2015";442141.540458415;4467511.59831435;-3.68136999907114;40.35616095269675
11;1339;"AV. POBLADOS - ANTONIO RODRIGUEZ - P.P.";"10/09/1992";436744.265765772;4469542.701188703;-3.74512757510632;40.37406618490942
11;1333;"AV. POBLADOS - ALISEDA";"13/08/1992";436990.378606805;4469451.241011222;-3.74221965373387;40.37326091153066
11;1332;"AV. POBLADOS - BELZUNEGUI - AV. EURO";"13/08/1992";437289.285563869;4469506.677041715;-3.73870442113324;40.37378284806773
11;671;"AV. POBLADOS - AV. ABRANTES";"17/09/1975";437477.926124419;4469514.106242551;-3.73648322187416;40.3738639456765
10;688;"DUQUESA PARCENT - YEBENES";"16/06/1976";436031.13007723;4471969.755310104;-3.7537710370005;40.39587568216538
10;1667;"DUQUESA PARCENT - CUART POBLET";"07/03/2001";436195.304369773;4471974.679957306;-3.75183715657281;40.39593263917455
10;929;"SESEÑA - AC. N-V";"23/10/1979";435218.391101574;4472221.343761579;-3.76337266505311;40.39807926538836
10;758;"CARABIAS - VILLAVICIOSA";"19/10/1977";434861.23654731;4472238.495492803;-3.76758269581784;40.39820591486185
10;761;"CTRA. BOADILLA MONTE - CARABIAS";"24/10/1977";434893.451038405;4472326.670970547;-3.7672121356353;40.39900275146604
10;2183;"CTRA. BOADILLA MONTE - MIRLO - P.P.";"28/11/2013";434682.347114832;4472349.160571247;-3.76970186795262;40.39918881453622
6;1991;"VILLAAMIL 265 P.P";"02/04/2007";439552.649189625;4479986.677949595;-3.71304112294255;40.46835860391651
12;1031;"AV. POBLADOS - EXPROPIACION";"06/10/1981";440177.255939221;4469205.904049897;-3.70465968333988;40.37128560983419
12;894;"AV. POBLADOS - DR. TOLOSA LATOUR";"14/11/1978";440280.461202915;4469192.58807062;-3.70344285504939;40.37117305274405
12;685;"AV. POBLADOS - ORCASUR (1)";"23/02/1976";440515.790684814;4469174.251517786;-3.70066936985136;40.37102469380626
12;1220;"AV. POBLADOS - ORCASUR (2)";"21/08/1990";440605.737898025;4469168.642549778;-3.69960942665419;40.37098057905466
10;1037;"ALHAMBRA - ANTONIA CALVO - P.P.";"25/11/1981";436799.440064619;4472634.253537063;-3.74478442379151;40.40192041783835
10;1058;"CTRA. BOADILLA MONTE - GALICIA";"27/05/1982";434416.959837397;4472352.866230067;-3.7728292986521;40.39920133801066
10;1518;"CTRA. BOADILLA MONTE - AYLLON";"09/03/1998";434208.384513174;4472354.628358205;-3.77528711538766;40.39920075929734
10;730;"CRA. CARABANCHEL A ARAVACA - VILLAVICIOSA";"16/06/1977";434312.697391227;4472055.015831653;-3.77402709006973;40.39650997726358
10;2122;"CRA. CARABANCHEL A ARAVACA - SEBASTIAN ALVARO";"08/02/2011";434473.00772177;4471797.190153109;-3.77211170279069;40.39420001801933
13;145;"M-30 - AV. DE LA ALBUFERA";"24/07/1965";443203.618571671;4472186.786402206;-3.66927987955294;40.39835084973024
10;909;"HIGUERAS - LUIS PANDO";"26/02/1979";436745.972412617;4472767.863668784;-3.74542773760334;40.40311997271372
12;1405;"AV. CORDOBA - HIJAS DE JESUS";"19/04/1995";440700.488749177;4470812.688015524;-3.69864640064457;40.38579777614714
12;2114;"AV. CORDOBA - C/ MANUEL MONTERO VALLEJO";"29/10/2010";440741.226880978;4470643.655550125;-3.69815074950792;40.38427794047706
17;1565;"AV. ANDALUCIA - TERTULIA";"07/04/1999";441132.824241118;4467793.173889237;-3.69327430720378;40.35862696031298
17;1562;"AV. ANDALUCIA - BOHEMIOS";"17/02/1999";441138.224393039;4467571.115791931;-3.69319022654259;40.35662691251279
17;874;"ALCOCER - COLONIA LITOS P.P.";"06/02/1978";440488.026789569;4466804.245130311;-3.70077526900795;40.34967235586734
12;1253;"AV. ANDALUCIA - M-40";"22/02/1991";441076.892639981;4468452.933657394;-3.69399391107815;40.36456650631522
12;1644;"AV. ANDALUCIA - CONIFERAS";"01/08/2000";441063.924069472;4468735.973561762;-3.69417280175325;40.367115374247
12;1188;"AV. ANDALUCIA - AV. ROSALES";"27/02/1990";441054.896399713;4468920.180818656;-3.69429615436815;40.36877417915581
17;1263;"AV. VERBENA PALOMA - PAN Y TOROS";"24/04/1991";441002.669714477;4468034.112627317;-3.6948293039836;40.36078827776442
17;1597;"JUAN JOSE MNEZ SECO - DIAMANTE";"07/10/1999";441697.678472464;4467022.691493727;-3.6865521129273;40.35172567461102
12;1670;"AV. ANDALUCIA - AV. POBLADOS";"15/03/2001";441036.923788408;4469150.304471686;-3.69452911502896;40.37084599139057
17;1693;"AV. ANDALUCIA - ROCAFORT - P.P.";"21/11/2001";441157.701754713;4465893.89661577;-3.69280623689917;40.3415188940193
17;1893;"AV. VERBENA PALOMA - SOTO PARRAL";"07/07/2005";440900.912494204;4467692.337145192;-3.69599598249891;40.35770216164555
17;1777;"GRAN VIA VILLAVERDE - ESTACION P.P.";"18/02/2004";441950.808104451;4467132.176408473;-3.68358148877967;40.35272963599355
17;1778;"GRAN VIA VILLAVERDE - CLARA SCHUMAN P.P.";"02/03/2004";441947.468309231;4467368.841404011;-3.68364234648094;40.35486142570739
17;1490;"AV. VERBENA PALOMA - CHULAPONA";"11/07/1997";440907.412423609;4467964.527052127;-3.69594465306465;40.36015466586452
17;1941;"RESINA - ACCESO COLONIA MARCONI";"23/03/2006";440492.072962406;4465285.247824984;-3.70058604556786;40.33598861656417
17;723;"ALCOCER - AV. REAL PINTO - VILLALONSO";"16/03/1977";440049.497153222;4466825.919322175;-3.70594078185049;40.34983620885528
17;433;"AV. REAL PINTO - OXIGENO";"16/02/1971";440010.584184313;4466515.875219199;-3.70636982402909;40.34704035650047
17;686;"AV. REAL PINTO - DR. MARTIN AREVALO";"29/03/1976";440026.050297547;4466433.142478255;-3.70617995190983;40.34629616429774
17;557;"AV. REAL PINTO - SALSIPUEDES";"06/04/1973";439974.319378445;4466272.061400861;-3.70677388147583;40.34484133272588
17;147;"VILLALONSO - PSO. FERROVIARIOS P.P.";"22/09/1965";439264.812647306;4466716.419640763;-3.71516965320405;40.34879301281859
17;1707;"PSO. FERROVIARIOS - ENCARNACION PINO";"02/03/2002";439185.306099379;4466470.150142904;-3.71608232649914;40.34656868821548
17;1600;"PSO. FERROVIARIOS - JOSE PINO - P.P.";"11/11/1999";439142.839387115;4466359.076554973;-3.71657173821909;40.34556497882735
17;1296;"PSO. ALBERTO PALACIOS - PSO. FERROVIARIOS";"20/12/1991";439063.443105117;4466127.806314864;-3.71748445678246;40.34347577244735
17;1589;"SAN JENARO - ARROYO BUENO";"10/06/1999";440209.924793803;4466689.221243774;-3.70403901276503;40.34861626790634
17;2077;"CRA. CCHEL A VILLAVERDE-LAGUNA RODRIGO";"27/05/2009";439945.215462435;4466991.886225392;-3.70718426880758;40.35132383200563
17;2092;"CRA. CCHEL A VILLAVERDE - COLEGIO NUEVO MUNDO P.P.";"18/11/2009";439606.415547283;4467277.963716206;-3.71120064298558;40.35387651629257
17;1691;"VILLALONSO - JUAN PEÑALVER";"31/10/2001";439412.451527218;4466759.022782717;-3.71343534630449;40.34918754153649
17;2204;"ALCOCER - LAGUNA SANTIAGO P.P.";"24/11/2014";440326.973917564;4466844.479575483;-3.70267535243049;40.35002330573018
17;4722;"EDUARDO BARREIROS - LAGUNA RODRIGO";"02/11/2022";440098.922396067;4467094.919398489;-3.70538407076597;40.35226306565636
17;4721;"EDUARDO BARREIROS - JOSE PEREZ";"02/11/2022";440124.940922673;4467282.045205577;-3.70509526149877;40.35395066931447
17;4720;"EDUARDO BARREIROS - SANTO ISIDRA";"02/11/2022";440138.978339044;4467350.52488888;-3.70493639155646;40.35456858068748
17;4719;"EDUARDO BARREIROS - REQUENA - P.P.";"02/11/2022";440166.263487734;4467451.277044898;-3.7046245467693;40.35547817099329
17;4727;"AV. RAFAELA YBARRA, 135 - P.P.";"30/01/2023";439287.510474527;4468051.922185991;-3.71502947558368;40.36082560123914
9;1619;"GOLONDRINA - ACAMAR - AV. GALAXIA";"28/02/2000";433447.762875356;4478642.764290858;-3.78490773515631;40.45578566391829
9;1607;"GOLONDRINA - BAJA DE IGLESIA";"26/11/1999";433652.150567955;4478647.445038951;-3.78249791823999;40.45584417116916
9;1608;"CRA. HUMERA A  ARAVACA - GOLONDRINA";"26/11/1999";433781.179418469;4478626.233157293;-3.78097409046863;40.45566337988031
9;887;"OSA MAYOR - CRA. HUMERA A ARAVACA";"18/07/1978";433946.997384264;4479063.111616719;-3.7790640912382;40.45961208720058
9;1243;"ANA TERESA - PSO. ERMITA";"20/12/1990";433862.23799155;4479176.481566889;-3.78007551384894;40.46062661007745
9;1353;"AV. OSA MAYOR - ARANDIGA";"11/12/1992";432997.482189834;4478848.388369893;-3.7902395073795;40.45760179344923
9;1257;"AV. OSA MAYOR - BATALLA GARELLANO";"20/03/1991";432737.983747135;4478589.637605584;-3.79327238453869;40.45524994575588
9;1703;"ARROYO POZUELO - AVE PARAISO - P.P.";"25/01/2002";433058.71923837;4478125.526940479;-3.78944111572083;40.45109502184919
9;1954;"CRA. HUMERA A ARAVACA  - VIRGEN ROSALES";"25/05/2006";433906.622601626;4478399.196050621;-3.77947112859577;40.45362815663032
9;2116;"CRA. HUMERA A ARAVACA - VALLE DE PAS";"29/12/2010";434074.637386441;4478001.557219924;-3.77744853802404;40.45005946382147
9;1313;"AV. VICTORIA - AV. ESTACION";"18/03/1992";429120.577654048;4480793.087828329;-3.83617714304809;40.47479825062462
9;1317;"AV. VICTORIA - FEDERICO AGUSTI";"23/03/1992";429468.294913327;4480620.864345704;-3.83205632081831;40.47327644441422
9;1111;"AV. VICTORIA - GINES NAVARRO";"21/02/1986";429692.498189486;4480506.398215041;-3.82939899040425;40.47226432865776
9;1314;"AV. VICTORIA, 68 - P.P.";"18/03/1992";430027.803770967;4480335.606338034;-3.82542503047323;40.47075412772497
9;1316;"AV. VICTORIA - VIRGEN OLMOS";"18/03/1992";430421.890184018;4480136.140987867;-3.82075477886014;40.46899041871004
9;2174;"CNO. BARRIAL - FERNANDO LAZARO CARRETER";"02/08/2013";432800.548885481;4479332.107522765;-3.792613175325;40.46194334140873
9;1586;"CNO. DEL BARRIAL - ANA TERESA";"07/06/1999";432963.198343582;4479210.666036113;-3.79068208184579;40.46086250774081
9;1618;"PICO OCEJON - ACAMAR P.P.";"28/02/2000";433262.156671249;4478898.136012451;-3.78712340015489;40.45807122926573
9;1237;"PLEYADES - ANA TERESA";"13/11/1990";433523.28375602;4479216.37982757;-3.78407720428049;40.46095897553344
9;1489;"ARROYO POZUELO - COVATILLAS";"04/07/1997";434241.391302145;4478255.470555377;-3.77550849836912;40.45235999227184
9;1186;"GTA. RIO ZANCARA";"31/01/1990";433923.931481449;4478269.352866555;-3.77925350209689;40.45245987163983
10;453;"OCAÑA - VALMOJADO";"28/07/1971";435464.403606757;4470915.545277062;-3.76034162957153;40.3863352173322
10;1364;"VALMOJADO, 259";"28/04/1993";435560.864160927;4471047.531026905;-3.75921860190121;40.38753166509915
10;1171;"VALMOJADO - CONEX. CAMARENA";"01/12/1988";435605.87972167;4471182.327550896;-3.75870190144264;40.38874944758007
10;1365;"VALMOJADO, 209";"28/04/1993";435614.24784527;4471292.71642318;-3.75861447334929;40.38974452192887
10;1366;"VALMOJADO, 163";"28/04/1993";435627.843522134;4471419.936598212;-3.75846715544867;40.39089162319485
10;678;"ILLESCAS - VALMOJADO";"21/10/1975";435643.212537688;4471589.996447359;-3.75830326881027;40.39242477802041
10;1367;"VALMOJADO, 99";"28/04/1993";435662.792090409;4471758.346227894;-3.75808959357528;40.39394285255443
10;1368;"VALMOJADO, 91 - P.P.";"28/04/1993";435673.330209969;4471870.597707812;-3.75797677162791;40.39495487240551
10;1370;"VALMOJADO, 49 - P.P.";"28/04/1993";435720.622300229;4472043.703251403;-3.7574370382027;40.39651792699875
10;1369;"VALMOJADO, 53";"28/04/1993";435689.137192301;4471976.434753931;-3.75780121862082;40.39590951512154
10;4801;"NTRA. SRA. DE LA LUZ 53 - P.P.";"25-09-2024";436207.095579877;4470909.69386841;-3.75159155766403;40.38633970542448
10;746;"YEBENES 140 - COLEGIO";"15/09/1977";436223.426148067;4471497.511463116;-3.7514580255037;40.39163626298587
10;1441;"ILLESCAS - YEBENES - OCAÑA";"21/11/1995";436184.923238813;4471253.520293207;-3.75188720933771;40.38943534018318
10;1616;"OCAÑA 203 - P.P.";"31/01/2000";436151.525930397;4471110.997232649;-3.75226638774829;40.38814887380658
10;1125;"OCAÑA - NTRA. SRA. LUZ";"01/08/1986";436132.370758169;4470975.582487529;-3.75247847999041;40.38692753268467
10;945;"OCAÑA 22 P.P.";"18/01/1980";435930.988906282;4470674.627149967;-3.75482066892221;40.38420093856288
10;713;"CAMARENA - OCAÑA";"28/10/1976";435589.90491385;4470752.801667152;-3.75884667523134;40.3848788685696
10;1272;"CAMARENA 220 - P.P.";"15/07/1991";435856.041809551;4471169.405138746;-3.75575339370527;40.38865233705614
10;885;"ILLESCAS - CAMARENA";"10/07/1978";435866.01266845;4471531.378406692;-3.75567237298912;40.3919139077527
10;986;"ILLESCAS - TEMBLEQUE";"14/01/1981";435441.876711912;4471633.251651111;-3.7606797557674;40.39279885746171
11;965;"AV. POBLADOS - PQUE. EUGENIA MONTIJO";"19/06/1992";435879.697181359;4469983.221363656;-3.75535533400567;40.37796851682307
11;1341;"AV. POBLADOS - CONSUELO GUZMAN";"25/09/1992";436056.185927764;4469871.869867844;-3.75326524537954;40.37697897496979
11;1340;"AV. POBLADOS - EUGENIA MONTIJO";"10/09/1992";436324.008638229;4469807.783520101;-3.75010411836348;40.37642216317929
11;1338;"AV. POBLADOS - AV. CARABANCHEL BAJO";"10/09/1992";436621.219894963;4469640.944799751;-3.7465866584681;40.37494186022014
11;1010;"AV. POBLADOS - VIA LUSITANA";"02/07/1981";437693.57213753;4469494.163784666;-3.73394125299197;40.37370044288893
11;797;"AV. POBLADOS - POLAN";"15/05/1993";438345.19532536;4469448.857614865;-3.72626163524246;40.37334075935717
11;506;"EUGENIA MONTIJO - JOAQUIN TURINA";"06/10/1992";436213.512522463;4469503.774367505;-3.75137523611148;40.37367506494265
11;1328;"AV. POBLADOS - CAZALEGAS - ILDEFONSO GONZALEZ VALENCIA";"23/07/1992";438643.294232874;4469472.79831989;-3.72275275442646;40.37357842673723
12;231;"AV. POBLADOS - CTRA. TOLEDO";"17/06/1967";438898.763705352;4469491.678309609;-3.71974548098558;40.37376727434937
17;1517;"EDUARDO BARREIROS - PEUGEOT";"18/02/1998";440346.354426782;4467810.36446723;-3.70253745508388;40.35872593458371
17;1057;"EDUARDO BARREIROS - STA. ESCOLASTICA";"26/05/1982";440556.05946455;4468240.054203915;-3.70010798922061;40.36261179753068
12;1203;"AV. POBLADOS - GUETARIA";"11/06/1990";439249.042363371;4469492.397506424;-3.71561972814385;40.37379935802519
12;821;"AV. POBLADOS - RAFAELA YBARRA";"01/01/1978";439530.35688199;4469436.003042426;-3.71230085983086;40.37331178431474
12;1219;"AV. POBLADOS - Cº VIEJO VILLAVERDE";"13/08/1990";439668.51982001;4469389.529304898;-3.7106690929819;40.37290313665141
12;1563;"CRISTO VICTORIA - CRISTO VEGA";"19/02/1999";440456.254502416;4470338.016382876;-3.70147932020816;40.38150426417686
17;4713;"EDUARDO BARREIROS - CORTE DEL FARAON";"04/08/2022";440526.089866843;4468176.456568248;-3.70045500451997;40.36203673711417
12;1056;"EDUARDO BARREIROS - SALVADOR MARTINEZ";"18/05/1982";440828.201095832;4468729.631198678;-3.69694845889101;40.36704154108785
12;536;"EDUARDO BARREIROS - PINSAPO - P.P.";"10/11/1972";440878.376557671;4468855.792328315;-3.69636921149546;40.36818163125456
12;1635;"AV. POBLADOS - PARQUE PRADOLONGO - P.P";"23/06/2000";439954.364082373;4469285.962078672;-3.70729250578626;40.37199078900526
12;1261;"RAFAELA YBARRA - DEVA - UNIDAD";"16/04/1991";439526.145851622;4469057.170182582;-3.71231452508152;40.36989875350783
12;1636;"RAFAELA YBARRA - ALZOLA - VILLABONA";"23/06/2000";439521.037782899;4468915.911207415;-3.71236128909599;40.36862584740658
12;1918;"EDUARDO BARREIROS - ARENAS REY";"16/12/2005";440701.036774217;4468517.826117722;-3.69842644897501;40.36512444676244
12;1967;"CRISTO VICTORIA - SAN BASILIO";"08/09/2006";439924.184746361;4470072.966906046;-3.70772214599631;40.37907836938865
12;1961;"RAFAELA YBARRA - PARQUE DE LA PALOMA";"05/07/2006";439553.372589529;4469950.655693824;-3.71207857279452;40.37794971209348
12;937;"RAFAELA YBARRA - CRISTO VICTORIA";"28/12/1979";439574.213533738;4470024.797298477;-3.71184010806544;40.37861912930111
12;613;"RAFAELA YBARRA - FERMIN DONAIRE";"28/03/1974";439602.411400862;4470137.485395847;-3.71151862988885;40.3796363258613
17;4550;"EDUARDO BARREIROS - EL CASERIO";"25/03/2019";440205.038102146;4467529.570449269;-3.70417529253569;40.3561862631113
17;4723;"EDUARDO BARREIROS - LUCERO DEL ALBA";"04/08/2022";440383.832874785;4467890.110949039;-3.70210355757495;40.35944701604276
17;4716;"EDUARDO BARREIROS - ASOMBRO DAMASCO";"04/08/2022";440292.068415927;4467700.356427783;-3.7031664366626;40.35773103509292
12;4775;"AV. RAFAELA YBARRA - LEIZA - LESACA - P.P.";"30/08/2023";439526.804279836;4469183.614083006;-3.71231876334489;40.37103787454115
8;837;"AV. CARDENAL HERRERA ORIA - INOCENCIO FERNANDEZ P.P.";"01/01/1978";437999.608552896;4480972.131347244;-3.73145582190609;40.47712143361513
8;1949;"VENTISQUERO DE LA CONDESA - COLLADO  CERRO MALEJO";"21/04/2006";439287.625020785;4482287.259311837;-3.71638740031366;40.48906371886709
8;1533;"VENTISQUERO DE LA CONDESA - VALLE PINARES LLANOS";"21/07/1998";439264.798046792;4481921.300536496;-3.71662166502734;40.48576536961188
8;1534;"VENTISQUERO DE LA CONDESA - CERRO MINGUETE";"21/07/1998";439267.80850929;4482033.420919437;-3.71659688922227;40.48677560808029
8;1535;"VENTISQUERO DE LA CONDESA - VALLE DE ENMEDIO";"21/07/1998";439280.852308186;4482204.485926725;-3.71645938046442;40.48831757321184
8;1536;"VENTISQUERO DE LA CONDESA - PORTERA CURA";"21/07/1998";439305.536436918;4482459.810084681;-3.71619259170321;40.49061942342473
8;1950;"VENTISQUERO DE LA CONDESA - COLLADO DE TIROBARRA";"21/04/2006";439178.696900565;4482873.629510011;-3.71772890147255;40.49433795932443
8;2046;"PZA. TORCUATO FERNANDEZ MIRANDA";"24/03/2008";439024.593824003;4483042.919364781;-3.71956356885599;40.49585166880664
8;1422;"RAMON GOMEZ SERNA 103 - COLEGIO - P.P.";"29/06/1995";438318.090009008;4481550.749741816;-3.72775507983667;40.4823575324675
8;1979;"TRAVESIA COSTA BRAVA 3 - COLEGIO - P.P.";"21/11/2006";440639.15747044;4482962.730284085;-3.70050415111487;40.4952463518907
8;1615;"RAMON GOMEZ SERNA - JULIO CALVO";"31/01/2000";438762.269722774;4481560.713492603;-3.72251577714199;40.48248016761312
8;1650;"RAMON GOMEZ SERNA - RISCOS POLANCO";"19/10/2000";438753.111896102;4481752.394834741;-3.72264233603852;40.48420622093195
8;4796;"ISLAS ALEUTIANAS - MANUEL GARRIDO";"03/10/2023";438218.074895651;4480603.38091669;-3.7288427201555;40.47381588954898
12;1048;"MARCELO USERA - SAN MAGIN";"04/03/1982";439385.316472322;4470754.064725461;-3.71413460074;40.38517502048992
12;325;"MARCELO USERA - AMOR HERMOSO";"22/10/1968";440244.911163188;4470843.496190985;-3.70401636574862;40.38604276103121
12;729;"MARCELO USERA - ALMENDRALES";"10/06/1977";440542.595323059;4470999.696881112;-3.70052396897132;40.38747119676457
12;1879;"MANUEL NOYA - SAN NICOMEDES";"23/03/2005";439530.715653372;4471044.31913063;-3.7124492505404;40.38780034340652
12;948;"MANUEL NOYA - MARQUESA SILVELA";"19/02/1980";439522.664317108;4470852.143838598;-3.71252586027046;40.38606854771038
12;2120;"GTA. CADIZ - ACCESO M-30 - P.P.";"14/01/2011";440800.20246033;4471042.792371469;-3.69749307410971;40.38787776948576
12;4596;"INMACULADA CONCEPCION - MANUEL NOYA";"22/07/2020";439600.098138356;4471238.601971735;-3.7116502680084;40.38955557362618
12;4795;"MARCELO USERA - PL. JULIAN MARIAS - P.P.";"26/09/2023";439961.318259896;4470803.756932671;-3.7073535855626;40.38566438065781
11;1841;"GRAL. RICARDOS - ALEJANDRO MORAN - GAVIOTA";"09/09/2004";437727.094322259;4470998.600313675;-3.73369342410057;40.38725561766952
11;345;"GRAL. RICARDOS - FRANCISCO GARCIA";"09/04/1969";437623.826695312;4470909.643464338;-3.73490130837561;40.38644652818341
11;443;"GRAL. RICARDOS - PL. TOROS";"22/04/1971";437444.92637137;4470779.856280193;-3.73699616061255;40.385263932657
11;311;"GRAL. RICARDOS - PSO. MARCELINO CAMACHO";"03/07/1968";437228.583841057;4470710.366430175;-3.739537964934;40.38462166512029
11;1013;"GRAL. RICARDOS - BLASON";"24/07/1981";437088.924270007;4470579.365780845;-3.74117029095312;40.38343101881622
11;4706;"GRAL. RICARDOS - SAN PATRICIO - P.P.";"19/09/2022";438393.205497487;4471545.896056238;-3.72589890154806;40.39223544007931
11;1206;"GRAL. RICARDOS - PAULINA ODIAGA";"22/06/1990";438653.989514795;4471731.298116795;-3.7228442343587;40.39392487663608
11;680;"GRAL. RICARDOS - BLASA PEREZ";"24/11/1975";438304.260575108;4471485.287569306;-3.72694096823516;40.39168286731759
11;1074;"GRAL. RICARDOS - MONS. OSCAR ROMERO - P.P.";"18/04/1983";436816.262303896;4470376.993797345;-3.74436226228284;40.38158733014725
12;1199;"MARCELO USERA - SAN FILIBERTO";"03/05/1990";439211.921432008;4470757.031431722;-3.71617759413448;40.38518911285897
11;1487;"ANTONIO LEYVA - STA. LUCRECIA";"30/05/1997";439142.955331176;4470931.363326372;-3.71700671451485;40.38675454582123
11;1577;"VIA LUSITANA - VIANA";"27/04/1999";438924.564070345;4470684.222881601;-3.71955587612004;40.38451220205145
11;1128;"ANTONIO LEYVA 30 - P.P.";"19/09/1986";439275.476311411;4471735.748879024;-3.71552218156046;40.39401051455072
11;1202;"VIA LUSITANA - BRAGANZA";"10/03/1992";438822.746676095;4470623.752053692;-3.72074953410316;40.38395998132729
11;253;"PL. ELIPTICA";"26/10/1967";439092.462446222;4470763.908943617;-3.71758555873077;40.38524234435363
11;2272;"AV. OPORTO - TRAVESIA ANTONIA LANCHA P.P.";"08/08/2017";438935.343734938;4470761.264478166;-3.71943626997364;40.38520702066209
11;4759;"ANTONIO LEYVA - MIGUEL SORIANO";"18/05/2023";439283.844035235;4471473.01011411;-3.71539854223832;40.39164424615488
11;2059;"PSO. MARCELINO CAMACHO - CASTROJERIZ";"18/09/2008";437126.388744289;4470838.817827579;-3.74075455208415;40.38577110699099
11;650;"OCA - NTRA. SRA. VALVANERA";"19/02/1975";437632.930647058;4471286.392513509;-3.7348309426063;40.38984113639353
11;1041;"GTA. EJERCITO - PSO. MARCELINO CAMACHO - OCA";"23/12/1981";436791.945325904;4471092.648457273;-3.74471971630596;40.3880324176295
11;1438;"NTRA. SRA. VALVANERA - ALGODRE";"25/10/1995";437319.791382815;4471492.546836637;-3.73854045866635;40.39167476246278
11;482;"NTRA. SRA. FATIMA - NTRA. SRA. LUZ";"09/12/1971";436601.565967827;4470677.718869276;-3.74692130046776;40.38428008572347
11;1575;"VIA LUSITANA - PL. COIMBRA - P.P.";"27/04/1999";438611.404289802;4470487.603389494;-3.72322612353192;40.38271794330585
11;1571;"VIA LUSITANA - FARO";"27/04/1999";438401.029912735;4470278.193756932;-3.72568413641631;40.38081595409111
11;1570;"VIA LUSITANA 68 - P.P.";"27/04/1999";438274.361081634;4470140.463976269;-3.72716293993742;40.3795658443389
11;1567;"VIA LUSITANA 88 - P.P.";"27/04/1999";438084.110500076;4469939.579253092;-3.72938451098159;40.37774206422765
11;1568;"VIA LUSITANA - PLAZA MENINAS - P.P.";"27/04/1999";438019.198816745;4469867.919293024;-3.73014215902344;40.37709169165477
11;1573;"VIA LUSITANA - RENDICION BREDA";"27/04/1999";437950.402036897;4469791.044454881;-3.73094504782394;40.37639404679655
11;1574;"VIA LUSITANA 106 - P.P.";"27/04/1999";437842.569285578;4469671.731035236;-3.73220358553378;40.37531117892571
11;2066;"AV. ABRANTES - PORTALEGRE";"13/11/2008";438564.376583526;4470632.072870891;-3.72379405051198;40.38401592816233
11;1150;"AV. ABRANTES 79 - COLEGIO JULIAN BESTEIRO - P.P.";"17/07/1987";438191.453283302;4470272.962021837;-3.72815241719056;40.3807533050543
11;938;"AV. ABRANTES - CARRERO JUAN RAMON";"28/12/1979";438071.014350386;4470160.535506419;-3.72956024616869;40.37973157105748
11;1551;"AV. ABRANTES - ALC. BRELL";"10/11/1998";437906.690325089;4469997.304907429;-3.73148002743991;40.37824888394431
11;753;"AV. ABRANTES - BESOLLA";"07/10/1977";437658.114310121;4469735.514901483;-3.7343825021743;40.37587199730416
11;740;"CNO. VIEJO LEGANES - SAN CLEMENTE";"08/08/1977";437925.385515111;4470308.258673592;-3.73129009782556;40.38105149589186
11;741;"CNO. VIEJO LEGANES - CLARA CAMPOAMOR";"08/08/1977";437805.039167049;4470114.986560292;-3.73268890416135;40.37930143571884
11;4707;"AV. ABRANTES - COLEGIO GONZALO DE BERCEO - P.P.";"19/09/2022";438398.881023939;4470490.751882322;-3.72572999894167;40.38273062141548
8;1637;"GTA. IRENE GUTIERREZ CABA";"28/06/2000";437753.879133314;4481916.191036706;-3.73444729674944;40.48560743359776
8;1767;"GABRIELA MISTRAL - ALFONSO RGUEZ. CASTELAO";"29/08/2003";437585.708358091;4481536.124946662;-3.73639398422695;40.48217105787756
8;2168;"CERRO MINGUETE - SENDA DEL INFANTE";"15/10/2013";439064.266250347;4482042.043406322;-3.71899919358784;40.48683836713008
8;554;"AV. GUARDIA - MANUEL ALONSO P.P.";"05/03/1973";434188.809543556;4485796.45874928;-3.7769114849101;40.52028666808602
8;2050;"ARROYO DEL MONTE P.P. - GABRIELA MISTRAL";"13/06/2008";437620.883267211;4481790.718969807;-3.73600405676565;40.48446716137665
8;2024;"ROSALIA CASTRO - P.P.";"17/09/2007";437833.382921415;4481862.311295599;-3.73350401383007;40.4851280255132
8;2029;"GABRIELA  MISTRAL - BRAOJOS - P.P.";"17/09/2007";437394.934295955;4481296.646100747;-3.73862100551868;40.47999939797694
8;843;"AV. CARDENAL HERRERA ORIA - ARROYOFRESNO";"01/01/1978";437166.110376431;4480943.801134325;-3.74128551716907;40.47680358128052
8;2051;"C/ ARROYOFRESNO - AV.FUENTELARREINA - P.P.";"18/06/2008";436970.949567762;4480654.188177849;-3.74355896960955;40.47417987198659
8;1749;"GABRIELA MISTRAL - LEOPOLDO ALAS CLARIN - P.P.";"20/06/2003";437518.613077707;4481350.627338156;-3.73716726460568;40.48049499281477
8;1421;"AV. ARROYOFRESNO - CANTALEJO";"29/06/1995";437090.710246095;4480797.232053739;-3.74216044376773;40.47547753452113
8;846;"AV. CARDENAL HERRERA ORIA 423 - P.P.";"01/01/1978";436826.929045704;4480792.09521613;-3.74527159157722;40.47541123767127
8;2232;"MARIA MAEZTU - JUANITA CRUZ";"25/04/2018";438822.563398085;4483018.826620392;-3.7219452003136;40.49561976572077
8;2238;"SENDA DEL INFANTE - MARIA DE MAEZTU";"25/04/2018";438566.308345723;4482704.026719619;-3.72493847438852;40.49276502181372
8;2236;"MARIA DE MAEZTU - FEDERICA MONTSENY - BOMBEROS";"25/04/2018";438362.581296372;4482506.684501147;-3.7273231446311;40.49097219840919
8;2233;"GLORIA FUERTES - JUANITA CRUZ";"25/04/2018";438686.868118426;4483137.380802089;-3.72355787075747;40.49667772450657
8;2235;"GLORIA FUERTES - MARIA CASARES";"25/04/2018";438510.134331465;4482947.333838739;-3.72562490769805;40.4949526475209
8;2239;"SENDA DEL INFANTE - GLORIA FUERTES";"25/04/2018";438414.015937029;4482838.266514327;-3.72674848666552;40.4939630089467
8;2274;"AV. HERRERA ORIA - GASCONES";"26/09/2017";437381.136029507;4480969.701633886;-3.73875150068239;40.47705314204805
8;2275;"AV. HERRERA ORIA - DR. GUIU";"26/09/2017";437596.861198301;4480982.889217001;-3.73620796164381;40.47718817805182
8;4555;"MARIA MAEZTU - MARIA MONTESSORI";"15/03/2019";438164.014568027;4482329.097467221;-3.72964872975393;40.48935767152307
8;4579;"GLORIA FUERTES - MARIA MONTESSORI";"28/11/2019";438011.626382209;4482467.54689198;-3.73146027407795;40.49059350011502
8;4578;"GLORIA FUERTES - IRENE CABA ALBA - P.P.";"28/11/2019";437884.837267184;4482336.468927397;-3.73294341730809;40.48940323251769
8;4577;"MARIA MAEZTU - IRENE CABA ALBA - P.P.";"28/11/2019";437994.202930885;4482157.409458398;-3.73163551209099;40.48779838685249
8;4696;"AV. ARROYO DEL MONTE - FEDERICA MONTSENY - P.P.";"30/08/2022";438520.252431585;4482419.226120546;-3.72545427844589;40.49019603910771
8;709;"LLANO CASTELLANO - MAURICIO LEGENDRE";"18/09/1976";442038.948218772;4481813.295777467;-3.68388153736155;40.48499073247796
8;703;"HERRERA ORIA - NTRA. SRA. VALVERDE - LLANO CASTELLANO";"25/07/1976";441846.992216351;4482486.191298867;-3.6862080076053;40.4910390167602
8;900;"NTRA. SRA. VALVERDE - ISLAS JARVI";"07/02/1979";441803.049620755;4482649.674298638;-3.68674151055616;40.49250865504298
8;890;"NTRA. SRA. VALVERDE - DR. JUAN BRAVO";"31/10/1978";441773.089873884;4482749.679062139;-3.68710420984659;40.49340743514699
8;901;"NTRA. SRA. VALVERDE - PL. ISLAS AZORES";"07/02/1979";441725.773470513;4482915.74876102;-3.687677800309;40.49490013346227
8;1976;"NTRA. SRA. DE VALVERDE - ANTONIO CABEZON";"28/10/2006";441906.568647294;4483774.985395421;-3.68562322926096;40.50265313636122
8;1530;"NTRA. SRA. VALVERDE - ALONSO QUIJANO";"08/06/1998";441917.834973507;4484013.975365982;-3.68551219016476;40.50480683520155
8;1924;"NTRA. SRA. DE VALVERDE - MONASTERIO ARLANZA";"08/02/2006";441889.89139817;4484299.563527498;-3.68586817773933;40.50737756105715
8;829;"AV. CARDENAL HERRERA ORIA - SANCHONUÑO";"01/01/1978";441533.377688196;4482520.537733646;-3.68991158741088;40.49132639168189
8;1593;"AFUERAS VALVERDE - ALDONZA LORENZO";"30/07/1999";441534.776338465;4483213.356631134;-3.68995901250141;40.49756766346009
8;1592;"AFUERAS VALVERDE - BELLA ALTISIDORA";"30/07/1999";441322.070182979;4483278.109271954;-3.69247502145211;40.49813596620607
8;4524;"MONASTERIO SILOS - MONASTERIO ARLANZA";"20/06/2018";441405.832892364;4484616.508139887;-3.69161041233163;40.51019866080888
8;4525;"MONASTERIO EL ESCORIAL - MONASTERIO ARLANZA";"20/06/2018";441322.536596765;4484671.435407275;-3.69259861445868;40.51068757655461
8;1853;"MONASTERIO SILOS - MONASTERIO LAS HUELGAS";"12/11/2004";440106.866344388;4483887.55936219;-3.70687259107373;40.50353928023161
8;1852;"MONASTERIO EL ESCORIAL - MONASTERIO LAS HUELGAS";"12/11/2004";440114.96901889;4483991.679245629;-3.70678681376985;40.50447781125375
8;1850;"MONASTERIO EL ESCORIAL - MONASTERIO MONTESCLAROS";"11/11/2004";440471.455597118;4483964.266088043;-3.70257714267239;40.50425651890568
8;1849;"MONTECARMELO - MONASTERIO SUSO Y YUSO";"08/11/2004";440884.382703813;4483783.268234464;-3.69768707917283;40.5026555520484
8;1857;"MONASTERIO SILOS - MONASTERIO SOBRADO";"15/11/2004";441337.580358201;4484500.575806313;-3.69240522684887;40.50914947799246
8;1854;"MONASTERIO EL ESCORIAL - MONASTERIO LIEBANA";"15/11/2004";441088.415530696;4484307.650831935;-3.69532801799465;40.5073938855591
8;1856;"MONASTERIO EL ESCORIAL - MONASTERIO SOBRADO";"15/11/2004";441249.579431303;4484556.033802424;-3.69344899471281;40.50964283490325
8;2164;"MONASTERIO DE SILOS - AV. SANTUARIO DE VALVERDE";"14/05/2013";439930.127502328;4483903.089566825;-3.70895982532661;40.50366640424698
8;2167;"MONASTERIO SUSO Y YUSO - MONASTERIO DE LAS HUELGAS";"27/08/2013";440098.983107644;4483768.921157809;-3.70695440344644;40.50246997901818
8;2169;"AFUERAS VALVERDE - CAMPO CALATRAVA P.P.";"27/08/2013";441183.614615949;4483487.810990227;-3.6941283319181;40.5000152333367
8;2188;"AV. SANTUARIO VALVERDE - MONASTERIO DE  LAS HUELGAS";"15/04/2014";440124.610299442;4484117.433405126;-3.70668492161423;40.50561134175096
8;2027;"MONASTERIO SILOS 73 - P.P.";"17/09/2007";441135.211635707;4484189.553911208;-3.69476474803341;40.50633334930883
8;2026;"MONASTERIO ESCORIAL 73 - P.P.";"17/09/2007";441048.488635165;4484243.664028253;-3.69579328138327;40.50681463401522
8;2025;"SANTUARIO VALVERDE 68 - P.P.";"17/09/2007";440942.43446964;4484311.632112565;-3.69705126945747;40.50741937076557
8;1977;"MONASTERIO PAULAR - MONASTERIO SUSO YUSO";"07/11/2006";440650.489262133;4483727.750542018;-3.70044210987092;40.50213873218991
8;2053;"MONASTERIO ESCORIAL - CTRA. PARDO";"09/07/2008";439529.899490374;4483865.603458401;-3.71367949161825;40.50329964425841
8;2191;"TRES OLIVOS - P.P.";"01/09/2014";441033.369045657;4483586.230551005;-3.69591051033677;40.50089116858999
8;2203;"AV. SANTUARIO VALVERDE - MONASTERIO ARLANZA";"27/11/2014";441218.364010223;4484737.824362221;-3.69383429273023;40.51127825532554
8;2230;"AV. MONASTERIO ESCORIAL, 6 - P.P.";"17/11/2015";439796.163025553;4484016.126027973;-3.71055153820453;40.50467496308101
8;2240;"COSTA BRAVA - MONASTERIO HUELGAS";"07/03/2016";439963.55922992;4483335.727516896;-3.70851150752721;40.49855783949042
8;2264;"MONASTERIO ESCORIAL - MONASTERIO BATUECAS";"22/02/2017";440295.730579415;4483977.953994867;-3.7046522538238;40.5043671972991
8;4540;"MONASTERIO SILOS - MONASTERIO PAULAR";"25/10/2018";440645.894390826;4483849.747830126;-3.70050776749017;40.5032373969392
8;4544;"MONASTERIO SUSO Y YUSO - MONASTERIO MONTESCLAROS";"08/11/2018";440455.335404722;4483740.856980924;-3.70274638098001;40.50224281741301
8;4562;"MONASTEIRIO DE SILOS - MONASTERIO BATUECAS";"06/06/2019";440288.090751845;4483873.291896688;-3.70473254743894;40.50342381645425
8;4563;"MONASTERIO HUELGAS - MONASTERIO PAULAR";"28/06/2019";440086.811285515;4483636.654070442;-3.70708553391298;40.50127759441218
8;4821;"AV. MONASTERIO DE SILOS - MONASTERIO DE POYO";"27-11-2024";441257.104295173;4484376.82669118;-3.69334355622754;40.50802900794504
8;1823;"CNO. DE SANTIAGO - SAN MILLAN DE LA COGOLLA";"02/08/2004";443005.290105623;4484152.828913663;-3.67269089381851;40.50613310010959
8;1824;"CNO. DE SANTIAGO - VILORIA DE LA RIOJA - AGES";"02/08/2004";442966.405819436;4483989.009209926;-3.6731350489047;40.50465467596455
8;1825;"CNO. DE SANTIAGO - SAN JUAN DE ORTEGA";"02/08/2004";442928.126861562;4483836.937842425;-3.6735730998698;40.50328212516175
8;1834;"CASTIELLO DE JACA - PUENTE DE LA REINA";"02/08/2004";442737.887066323;4483707.724978019;-3.67580651578564;40.50210501757731
8;2155;"STO. DOMINGO DE LA CALZADA - RABANAL CAMINO - P.P.";"15/04/2013";442971.491412468;4484459.270448058;-3.67311738258227;40.50889132146495
8;1802;"FORESTA - QUINTANAPALLA";"01/07/2004";443494.828788487;4483334.996079925;-3.6668404306035;40.49879921646258
8;1804;"PUERTO SOMPORT - FORESTA";"01/04/2004";443112.797484193;4482999.752249622;-3.67131854089095;40.49575310223515
8;1829;"STO. DOMINGO DE LA CALZADA-CASTIELLO DE JACA-FROMISTA";"02/08/2004";442564.030160278;4484365.934012595;-3.67791793322804;40.50802239957677
8;2256;"VALCARLOS - SAN JUAN ORTEGA";"29/11/2016";443250.775757173;4483544.032936547;-3.66973914018513;40.50066565114406
8;1529;"M-603 - CUARTEL DE ARTILLERIA";"27/02/1992";442476.426291331;4484956.41667865;-3.67900550608658;40.5133356167153
8;2147;"SIERRA DE ATAPUERCA - SAN JUAN DE ORTEGA";"26/11/2012";443099.764030338;4483677.776587154;-3.67153323871986;40.50186012581101
8;2146;"SIERRA DE ATAPUERCA - SAN MILLAN DE LA COGOLLA";"11/02/2013";443293.678699957;4483888.330891725;-3.66926366949234;40.50377015885088
8;4526;"STO. DOMINGO DE LA CALZADA - CAPISCOL P.P.";"11/05/2018";442749.365928934;4484428.375298357;-3.67573620186686;40.50859770583792
8;4803;"CTRA. FUENCARRAL A HORTALEZA - AVDA.BURGOS";"14-10-2024";442915.307915684;4482207.4061122;-3.67357755981118;40.48860176252278
8;2192;"MARIA TUBAU - P.P.";"25/08/2014";442588.893796139;4484824.212457169;-3.67766604342518;40.51215246468935
8;1831;"STO. DOMINGO DE LA CALZADA - VALCARLOS";"02/08/2004";443648.101962027;4483976.773510136;-3.66508880633351;40.50459103408809
8;1830;"STO. DOMINGO DE LA CALZADA - SIERRA DE ATAPUERCA";"02/08/2004";443497.64989272;4484113.076105332;-3.66687655221811;40.5058086700862
8;2003;"PALAS DEL REY - FURELOS";"07/05/2007";443628.819926195;4484106.025835943;-3.66532787194653;40.50575408152585
8;2002;"PALAS DEL REY - SIERRA DE ATAPUERCA";"07/05/2007";443555.620401752;4484178.001909519;-3.66619817864399;40.50639749396733
8;2004;"PALAS DEL REY - MIRALLOS";"07/05/2007";443407.623143452;4484310.932603322;-3.66795671926276;40.50758490392589
8;2000;"PALAS DEL REY - TOQUES - P.P.";"07/05/2007";443340.354334138;4484367.808261232;-3.66875572742028;40.5080926705767
8;2202;"FROMISTA - PALAS DEL REY";"19/01/2015";443004.279782347;4484677.77263377;-3.67275007132876;40.5108619265968
8;2171;"VALCARLOS - TIERRA MELIDE";"11/07/2013";443826.967348763;4484175.186509194;-3.66299549625277;40.50639054914048
8;2248;"SIERRA ATAPUERCA - PSO. TIERRA MELIDE";"28/07/2016";443673.593756366;4484304.710263941;-3.66481713031384;40.50754695218292
8;2261;"PALAS DEL REY - SAN JULIAN DEL CAMINO - TRIACASTELA";"15/02/2017";443139.743167052;4484549.863315014;-3.67113974330257;40.50971896704292
10;474;"ILLESCAS - SESEÑA";"23/11/1971";435028.574445848;4472078.91575853;-3.76559470121424;40.39678143282967
10;475;"ILLESCAS - ESCALONA";"23/11/1971";435139.242240123;4471948.618770614;-3.76427747828323;40.39561629425774
10;1270;"MAQUEDA - ESCALONA";"29/05/1991";435034.570752862;4471907.913820623;-3.76550660266322;40.39524145038023
10;619;"PADRE PIQUER - SESEÑA";"09/05/1974";434786.887155121;4471879.071514053;-3.76842192858999;40.39496227117889
10;1591;"PADRE PIQUER 14 - P.P.";"01/07/1999";434829.450568581;4471689.759323155;-3.76790106233856;40.3932602072684
10;745;"PADRE PIQUER, 36 - P.P.";"15/09/1977";434859.072289952;4471591.401644103;-3.76754200033428;40.39237648116501
10;1745;"AV. POBLADOS - INTERCAMBIADO ALUCHE - CARRIL BICI-P.P.";"11/02/2003";435491.514468976;4470677.224099676;-3.75999811207554;40.3841904227851
10;2048;"MAQUEDA 10 - MAQUEDA";"29/05/2008";435101.071889771;4471759.778721877;-3.764707969465;40.39391217736285
10;1731;"AV. LAS AGUILAS - DR. BLANCO SOLER";"30/10/2002";434822.757947862;4470628.616432834;-3.7678713379924;40.38370049940414
10;1732;"AV. LAS AGUILAS - ANSELMO LORENZO - P.P.";"30/10/2002";434650.850596823;4470584.98335169;-3.76989197831261;40.38329397032871
12;714;"AV. ROSALES - COLONIA SAN FERMIN";"25/11/1976";441255.646473744;4468818.58017946;-3.69192238465365;40.36787307345365
10;998;"AV. LAS AGUILAS - JOSE CADALSO";"09/03/1981";434464.248669686;4470530.404407833;-3.77208457191634;40.38278764593546
10;1880;"AV. LAS AGUILAS -  BLAS CABRERA";"23/03/2005";434168.841148745;4470455.600622956;-3.77555677349479;40.38209049794349
10;1733;"AV. LAS AGUILAS - CENTRO SALUD - P.P.";"30/10/2002";434043.592254883;4470423.418806347;-3.77702887086801;40.38179068720187
5;4556;"VELAZQUEZ -RODRIGUEZ MARIN";"29/04/2019";442117.953328609;4477282.110594117;-3.68253610553634;40.44417735060155
5;226;"SERRANO - CONCHA ESPINA";"30/05/1967";442280.227706359;4478151.644473555;-3.68070174690664;40.4520217985106
5;221;"SERRANO - SEGRE - CINCA";"06/05/1967";442136.421173404;4477953.911673019;-3.682379556049;40.4502305321678
10;4538;"PSO. EXTREMADURA - AV. POBLADOS";"15/01/2019";434598.604039231;4471819.751506031;-3.77063423181365;40.3944131308031
10;4838;"AVDA. POBLADOS - FLOR DEL CORAL";"26/02/2025";434671.957191908;4471591.47993624;-3.76974655826669;40.39236253192288
10;1160;"PSO. ERMITA SANTO - AV. SEPULVEDA";"23/06/1988";438584.979950302;4473361.38468013;-3.72381458182226;40.40860435423125
10;1427;"PSO. ERMITA SANTO, 31 - P.P.";"26/07/1995";438538.533307454;4473202.800262701;-3.72434662693907;40.4071723274
10;563;"PSO. ERMITA SANTO - SAN CONRADO";"23/04/1973";438510.380955053;4473025.100918551;-3.72466121893017;40.4055694535182
11;870;"PSO. ERMITA SANTO - PTE. SAN ISIDRO";"01/01/1978";438503.482392594;4472808.270940493;-3.72472156282307;40.40361564219691
11;1008;"PSO. ERMITA SANTO - IVAN VARGAS";"19/05/1981";438507.369250199;4472680.791849352;-3.72466344528895;40.40246754006256
11;1007;"PSO. ERMITA SANTO - PSO. QUINCE MAYO";"12/05/1981";438452.975626717;4472474.020599092;-3.7252844097516;40.40060083217914
10;757;"VIA CARPETANA - PSO. ERMITA SANTO";"18/10/1977";437770.50953868;4472366.691815069;-3.73331563587428;40.39958324476592
10;1066;"VIA CARPETANA - GALLUR";"15/11/1982";437603.267054435;4472225.456790056;-3.7352724345643;40.39829842322042
10;1905;"AV. SEPULVEDA - PABLO CASAL";"06/10/2005";438463.711632425;4473366.737494057;-3.7252442142664;40.40864361933122
10;1912;"PABLO CASALS - COLEGIO ERMITA SANTO - P.P.";"11/11/2005";438505.371793981;4473541.039761065;-3.7247701047888;40.41021688958835
10;2091;"VIA CARPETANA - ARROYO VALDECELADA";"20/10/2009";437678.056068805;4472283.235860417;-3.734396858139;40.39882452282153
10;1840;"AV. SEPULVEDA - AV. CAPRICHOS";"03/09/2004";438141.528604567;4473154.533775269;-3.72902042796244;40.40670811742952
11;1813;"VIA LUSITANA - HALCONERO DEL REY";"29/07/2004";437400.519633294;4469178.615988897;-3.73736202235868;40.37083588037533
11;1812;"VIA LUSITANA - AGUACATE";"29/07/2004";437084.031971873;4468827.496581646;-3.74105500270633;40.36764900358745
11;1814;"VIA LUSITANA - AV. DE LA PESETA";"29/07/2004";436868.229684633;4468395.405836416;-3.74355384954271;40.36374021196316
11;1817;"AV. DE LA PESETA -  MARAVEDI";"29/07/2004";436497.430516885;4468295.052642534;-3.74791070747898;40.36280802505179
11;1815;"AV. DE LA PESETA - LA CORONA";"29/07/2004";436181.372408111;4468218.060534975;-3.75162512119819;40.36209031385141
11;1807;"AV. DE LA PESETA - AV. CARABANCHEL ALTO";"29/07/2004";435996.209136397;4468229.53268631;-3.75380685777288;40.36217946781582
11;1786;"AV. DE LA PESETA - DE LOS MORALES";"14/05/2004";435802.173067272;4468246.511009014;-3.75609364484931;40.36231749955279
11;1790;"AV. DE LA PESETA - SALVADOR ALLENDE";"14/05/2004";435657.729349014;4468259.493021662;-3.75779600787946;40.36242331375253
11;1787;"AV. DE LA PESETA - CUEVAS DE ALTAMIRA";"17/05/2004";435476.074410609;4468275.437538196;-3.75993689768012;40.36255291166382
11;1788;"AV. DE LA PESETA - PINAR SAN JOSE";"17/05/2004";435245.148545982;4468437.776648019;-3.76267290398255;40.36399743116723
11;1789;"AV. DE LA PESETA - VALLE DE BOI";"17/05/2004";435140.616329003;4468682.679284554;-3.76392887219355;40.36619549448896
10;1811;"AV. DE LA PESETA - VIOLONCHELOS - P.P.";"29/07/2004";435088.425291938;4468801.117430155;-3.76455559457151;40.36725837391957
11;1322;"AV. CARABANCHEL ALTO - CARPIO TORTA";"23/04/1992";436015.104292515;4468461.444331177;-3.75360760340235;40.36427008357606
11;923;"AV. CARABANCHEL ALTO - MURALLAS DE AVILA";"25/05/1979";436022.421403048;4468679.47838164;-3.75354330351703;40.36623479432514
11;1724;"AV. CARABANCHEL ALTO - ALLARIZ";"26/07/2002";436032.967213231;4468815.776858174;-3.75343277494845;40.36746344148733
11;924;"AV. CARABANCHEL ALTO - GOMEZ ARTECHE";"05/06/1979";436057.101561465;4469120.035426352;-3.75317904514535;40.37020619015071
11;2056;"PINAR SAN JOSE - PATRIMONIO HUMANIDAD";"22/08/2008";435099.757385044;4468371.065263306;-3.76437836646025;40.36338516173858
11;2072;"PINAR DE SAN JOSE - JACOBEO";"26/03/2009";435428.051775088;4468515.308494946;-3.76052672729303;40.36471005718073
10;1488;"CTRA. AL  Bº DE LA FORTUNA - ACCESO NISSAN";"18/06/1997";434513.568518231;4468606.683258172;-3.77130595160513;40.36546187304707
10;2097;"CTRA. AL Bº DE LA FORTUNA - PINAR SAN JOSE";"18/12/2009";433986.402002569;4468474.295529785;-3.7775007300475;40.36422769750037
11;2108;"PINAR DE SAN JOSE - DE LOS MORALES";"06/07/2010";434948.235103488;4468304.916895094;-3.76615605917795;40.3627774609589
5;400;"GTA. LOPEZ HOYOS - FRANCISCO SILVELA";"04/06/1970";442276.696698474;4476864.920141221;-3.68062644630432;40.4404301370389
5;403;"FRANCISCO SILVELA - PPE. VERGARA";"19/06/1970";442420.439860019;4476687.453317094;-3.6789155733532;40.43884139621374
4;272;"PPE. VERGARA - HERMOSILLA";"01/01/1968";442310.624249941;4475277.324278516;-3.68008232167045;40.42613064971835
11;2111;"AGUACATE - SECOYA";"21/10/2010";436793.270929856;4469055.725753357;-3.74450207890171;40.36968300390002
11;2112;"AGUACATE - GUAYABA";"21/10/2010";436527.392647797;4469279.849864405;-3.74765587779795;40.37168181378047
11;2193;"AV. DE LA PESETA - DINERO P.P.";"08/09/2014";436335.135568662;4468249.389264873;-3.74981744682778;40.36238429200225
11;127;"GTA. MARQUES VADILLO";"18/11/1964";439250.100678655;4472139.28774889;-3.71585966245313;40.39764393601317
11;282;"GRAL. RICARDOS - PSO. QUINCE MAYO";"23/01/1968";439165.172717422;4472092.375040887;-3.71685587300923;40.3972151243606
11;289;"GRAL. RICARDOS - MANUEL CARMONA";"08/03/1968";439001.059004986;4471976.76467751;-3.71877851072894;40.39616164701094
11;292;"GRAL. RICARDOS - SALLABERRY";"08/03/1968";438817.231784201;4471845.925529203;-3.72093189733783;40.39496950199752
11;1914;"PSO. QUINCE MAYO - SANTA SATURNINA";"24/11/2005";439008.445341252;4472175.876840653;-3.71871055374923;40.39795588446139
11;566;"ANTONIO LEYVA - JACINTO VERDAGUER";"25/04/1973";439310.047266757;4471959.977737072;-3.71513622984967;40.39603299618074
11;447;"ANTONIO LOPEZ - BALEARES";"28/05/1971";439440.670124271;4472039.603408493;-3.71360473006888;40.39675981125135
11;448;"ANTONIO LOPEZ - TOMASA RUIZ";"06/06/1971";439640.625885525;4471913.041457582;-3.71123671370339;40.39563419552863
11;1560;"ANTONIO LOPEZ - ESTEBAN ARTEAGA - P.P.";"21/01/1999";439767.931718774;4471831.697014851;-3.7097290371287;40.39491062131804
11;446;"ANTONIO LOPEZ - MARQUES JURA REAL";"24/05/1971";439897.473774735;4471748.169007403;-3.70819483881002;40.39416751781936
11;949;"MARQUES JURA REAL - PEDRO YAGÜE";"19/02/1980";439850.750104097;4471627.55490661;-3.70873395695281;40.39307759299897
11;2150;"JACINTO VERDAGUER - LOLA MEMBRIVES";"16/01/2012";439216.91417259;4471938.608898892;-3.71623153672427;40.39583370344625
12;304;"ANTONIO LOPEZ - EUGENIO CAXES";"26/05/1968";440315.094478626;4471444.441581903;-3.70324585469937;40.39146141806293
12;1952;"ANTONIO LOPEZ - MATILDE GAYO";"11/05/2006";440417.342336905;4471324.065569914;-3.70202992953333;40.39038432914015
12;633;"ANTONIO LOPEZ - SAN ZACARIAS";"11/11/1974";440483.270991806;4471254.373570358;-3.70124667121865;40.38976122068514
12;2075;"ANTONIO LOPEZ - SAN ARMENGOL";"21/04/2009";440557.724425294;4471165.962650592;-3.70036124664566;40.38897008529386
12;1620;"ANTONIO LOPEZ - SEBASTIAN GOMEZ";"02/03/2000";440807.306529311;4470883.153514863;-3.69739454613097;40.38644016291655
12;1925;"ANTONIO LOPEZ - VADO";"16/02/2006";440914.355395133;4470758.142049986;-3.69612181535088;40.3853215918556
12;1622;"ANTONIO LOPEZ, 211 - P.P.";"02/03/2000";440947.34881933;4470426.892013154;-3.69570242639315;40.38233985249849
12;677;"ANTONIO LOPEZ - DR. TOLOSA LATOUR";"21/10/1975";440959.994237982;4470211.700114374;-3.69553352224814;40.38040218329817
12;955;"ANTONIO LOPEZ 264 - P.P.";"18/03/1980";440973.643953752;4470034.338636502;-3.69535630221304;40.37880538137997
12;4569;"DR. TOLOSA LATOUR - HOSPITAL DOCE OCTUBRE - P.P.";"27/08/2019";440693.46712826;4470069.753592516;-3.69865997146345;40.37910452594779
11;1672;"JOAQUIN TURINA - CNO. CRUCES";"22/03/2001";435660.321403306;4469325.324742708;-3.75787302257087;40.37202499474417
11;560;"JOAQUIN TURINA - COLEGIO JUAN XXIII";"12/04/1973";435579.298813206;4469338.049655478;-3.7588286143;40.37213336825447
11;1970;"JOAQUIN TURINA - SITIO ESCORIAL";"20/09/2006";435408.7323015;4469367.372431904;-3.76084056595088;40.37238432039729
11;1969;"JOAQUIN TURINA -  JACOBEO";"20/09/2006";435284.382484405;4469389.602266467;-3.76230745486934;40.37257493078877
10;781;"AV. AVIACION - GRAL. MILLAN ASTRAY";"01/01/1978";435000.220044428;4469445.057880213;-3.76566007337625;40.37305238677685
10;1890;"AV. AVIACION - JOSE DE CADALSO";"17/06/2005";434791.116535797;4469498.578834871;-3.76812845788945;40.37351819255912
1;1497;"PL. CANALEJAS";"22/08/1997";440576.966150219;4474236.913841573;-3.70042123943906;40.41663612085621
10;915;"AV. AVIACION - RAFAEL FINAT - DANZA";"20/03/1979";434358.445210789;4469590.396085938;-3.77323412880848;40.37431135619855
10;1972;"AV. AVIACION - VALLE INCLAN";"22/09/2006";434185.928254158;4469621.074625082;-3.77526930845535;40.37457411574087
10;1588;"AV. AVIACION - ALDEANUEVA VERA";"08/06/1999";434059.815898003;4469652.442182713;-3.77675798839249;40.37484671892098
10;1971;"AV. AVIACION - NAVALMORAL DE LA MATA";"20/09/2006";433957.065700762;4469678.617848995;-3.77797096498472;40.37507438381735
10;1974;"AV. AVIACION - MIRABEL";"22/09/2006";433662.597746789;4469746.635703184;-3.78144650516879;40.37566372847353
10;903;"AV. AVIACION - MONROY";"08/02/1979";433492.800510393;4469953.280856337;-3.78346808141719;40.37751173226382
10;919;"RAFAEL FINAT - BLAS CABRERA";"26/03/1979";434466.705058883;4469946.957397408;-3.77199563585259;40.37753192105246
10;768;"RAFAEL FINAT 44 - COLEGIO - P.P.";"31/07/1992";434528.60924474;4470027.590843214;-3.77127473780252;40.37826316457186
10;910;"RAFAEL FINAT - GRAL. MILLAN ASTRAY";"28/02/1979";434768.585390963;4470289.23507246;-3.76847476218735;40.38063897890468
10;1558;"BLAS CABRERA - VALLE INCLAN";"21/01/1999";434344.382957277;4470041.435501747;-3.7734462237548;40.37837338879254
10;1687;"BLAS CABRERA - OLIVA PLASENCIA";"10/07/2001";434250.345062311;4470115.152160265;-3.77456153250765;40.37903004287094
10;1669;"OLIVA PLASENCIA - COLEGIO ALC. MOSTOLES";"13/03/2001";434090.057615363;4470144.848467391;-3.77645270031268;40.37928489650174
10;1559;"BLAS CABRERA - JOSE CADALSO";"21/01/1999";434760.379784131;4469930.664240894;-3.76853471533878;40.37740818742299
12;1609;"AV. ROSALES - CORINDON";"30/11/1999";441370.486250452;4468727.636398021;-3.69056147179734;40.36706188413439
12;1610;"AV. ROSALES - RUTILO";"30/11/1999";441566.327311882;4468584.452674403;-3.68824181639835;40.36578575199167
12;1611;"AV. ROSALES - PERIANA";"30/11/1999";441668.04223936;4468514.032717279;-3.68703744099431;40.36515849078049
6;1479;"BRAVO MURILLO - HUESCA - MARIA ZAYAS";"15/01/1997";440625.960975205;4478922.252222246;-3.70028157879853;40.45884723306098
17;601;"CRA. VALLECAS - AV. ROSALES";"07/12/1973";442046.375681899;4467979.510051901;-3.68253313808766;40.36036957631389
17;1526;"AV. ROSALES - MIGUEL SOLAS";"08/06/1998";442409.995909513;4467035.95197062;-3.67816581552003;40.35189461751627
17;1957;"AV. ROSALES - ZAFIRO";"30/06/2006";442642.815935953;4466713.376999189;-3.67539537386036;40.34900470149889
12;996;"ESTAFETA - SAN FERMIN";"25/02/1981";441234.92432815;4469199.059911155;-3.69220151205574;40.3712991901678
12;4653;"AV. ROSALES - M-40 - TANATORIO";"04/11/2021";441887.780032574;4468241.592029636;-3.68442470675093;40.36271952915397
17;1871;"AV. REAL PINTO - VALLE TOBALINA - P.P.";"01/01/2005";439305.817279021;4464755.74615583;-3.71450048548729;40.33113313283735
17;1870;"AV. REAL PINTO - SAN EZEQUIEL";"01/01/2005";439457.133055026;4465030.756317168;-3.71274537063756;40.33362157400318
17;1869;"AV. REAL PINTO - RESINA- MONTEJO";"01/01/2005";439548.504275955;4465267.021091999;-3.71169213651704;40.33575660777436
17;1868;"AV. REAL PINTO - SAN CESAREO";"01/01/2005";439717.079196636;4465535.586947069;-3.7097330085538;40.33818819910756
17;1867;"AV. REAL PINTO - SAN NORBERTO - P.P.";"01/01/2005";439903.217098605;4465747.181336029;-3.70756161073599;40.34010779031037
17;1764;"GRAN VIA VILLAVERDE - SAN JENARO - P.P.";"07/08/2003";440119.352794948;4465867.565878751;-3.70502836610352;40.34120782270798
17;1766;"AV. REAL PINTO - GRAN VIA VILLAVERDE";"07/08/2003";439991.949374454;4465856.536954678;-3.70652725593653;40.34109931528538
17;877;"AV. REAL PINTO - DOMINGO PARRAGA";"20/02/1978";439948.728573392;4465994.176535712;-3.70704904094555;40.34233614342843
17;1652;"AV. REAL PINTO - MAGNESIA";"30/11/2000";439931.997672369;4466098.995229394;-3.70725587965494;40.34327920672948
17;720;"DOMINGO PARRAGA - ESPINELA";"20/02/1977";439644.598332362;4465951.203375109;-3.71062557497778;40.34192707308552
17;747;"DOMINGO PARRAGA - VILLASTAR - RENFE";"15/09/1977";439529.056862831;4465957.906136217;-3.71198649769704;40.34197908997427
17;770;"DOMINGO PARRAGA - ASTILLEROS";"14/12/1977";439312.917854494;4465975.437782292;-3.71453280335821;40.34212133313219
10;242;"PSO. EXTREMADURA - GTA. PTE. SEGOVIA";"08/08/1967";438527.974197431;4473965.055577639;-3.72454470280129;40.41403827904833
10;618;"PSO. EXTREMADURA - PORTICOS";"04/05/1974";438350.173279305;4473946.036440705;-3.72663836415146;40.41385379552763
10;575;"PSO. EXTREMADURA - CARAMUEL";"20/06/1973";438300.410397402;4473939.235958608;-3.72722419219676;40.41378884640041
10;131;"PSO. EXTREMADURA - PTA. ANGEL";"27/02/1965";438174.739865873;4473914.602316794;-3.72870290453006;40.41355761054769
10;232;"PSO. EXTREMADURA - SANTA URSULA";"05/07/1967";438012.806464925;4473842.669910274;-3.7306043756063;40.41289756866296
10;233;"PSO. EXTREMADURA - GUADARRAMA";"05/07/1967";437898.820154711;4473786.494611013;-3.73194227400867;40.41238302109105
10;491;"PSO. EXTREMADURA - SISEBUTO - P.P.";"12/02/1972";437770.077898647;4473725.802467153;-3.733453613031;40.41182666547574
10;151;"PSO. EXTREMADURA - REPULLES VARGAS";"10/11/1965";437637.736114476;4473662.611313519;-3.73500710305138;40.41124750847663
10;243;"PSO. EXTREMADURA - GRAL. MANSO";"23/08/1967";437495.809629803;4473594.929912949;-3.73667308139741;40.410627161122
10;1374;"PSO. EXTREMADURA - ALFONSO CEA";"19/05/1993";437384.25000169;4473541.14505496;-3.73798252468552;40.41013426055211
10;1205;"CARAMUEL - JAIME TERCERO";"21/06/1990";438103.676167049;4473330.849828101;-3.72948364484273;40.40829363571327
10;930;"CARAMUEL - PSO. OLIVOS";"07/11/1979";438043.977980356;4473133.046012306;-3.73016791065858;40.40650729231631
10;1493;"CJAL. FRANCISCO JOSE JIMENEZ M. - CARAMUEL";"15/07/1997";438086.547898712;4472802.636841085;-3.72963411028548;40.4035339885807
10;1011;"VIA CARPETANA - CARAMUEL";"02/07/1981";438069.894199806;4472664.913001386;-3.72981695514063;40.40229207289887
10;711;"PSO. OLIVOS - MARIA CARMEN";"24/09/1976";437814.144533696;4473084.516714814;-3.73287160628213;40.4060529837412
10;1050;"SEPULVEDA - MARIA CARMEN - P.P.";"10/03/1982";437790.340963904;4472973.498101558;-3.73314126234638;40.40505110193988
10;1451;"SEPULVEDA - GOTARRENDURA";"13/03/1996";437506.005835643;4472842.20062543;-3.7364790002261;40.40384702426137
10;1492;"CJAL. FRANCISCO JOSE JIMENEZ M. - CHISPEROS";"15/07/1997";437965.125057492;4472757.228253745;-3.73106051138045;40.4031158902043
10;1491;"CJAL. FRANCISCO JOSE JIMENEZ M. - GOTARRENDURA";"15/07/1997";437511.326190436;4472617.881058287;-3.73639428429785;40.40182665686139
10;755;"PSO. OLIVOS - PL. SALVADOR CRESPO";"10/10/1977";437562.035047401;4473041.475189311;-3.73583830788854;40.40564637809415
11;4520;"NTRA. SRA. LUZ - FERNANDO DELGADO";"06/11/2017";436487.667432057;4470741.259801524;-3.74826940868756;40.38484381532333
11;4521;"NTRA. SRA. LUZ - CAMINO INGENIEROS";"06/11/2017";436383.381362568;4470802.443118424;-3.74950406294308;40.38538702457739
11;523;"OCA - PINZON - RAMON SAINZ";"09/08/1972";437178.314656328;4471177.107311178;-3.74017618885097;40.38882248621267
11;515;"NTRA. SRA. FATIMA - MONS. OSCAR ROMERO";"15/06/1972";436538.730655574;4470519.836815223;-3.74764580231588;40.38285303177713
11;392;"PSO. MARCELINO CAMACHO - NTRA. SRA. FATIMA";"28/11/1969";436915.797183177;4470987.385982722;-3.7432501813521;40.38709355506766
11;1208;"CNO. VIEJO LEGANES - ALEJANDRO SANCHEZ";"04/07/1990";438452.186433079;4471366.175937358;-3.72518662771297;40.39062079734685
11;1696;"ALEJANDRO SANCHEZ - PORTALEGRE";"04/12/2001";438601.137102836;4471332.178852123;-3.72342847314282;40.39032552784064
11;742;"ALVAREZ ABELLAN -  ALEGRIA";"08/08/1977";437816.329354874;4470765.064610462;-3.73261935161834;40.38515848569335
11;1552;"CNO. VIEJO LEGANES - RADIO";"18/11/1998";438565.409283815;4471589.318433489;-3.7238742058064;40.39263932814128
11;1073;"GRAL. RICARDOS - EUGENIA MONTIJO - P.P.";"18/04/1983";436761.026164903;4470287.87362866;-3.74500409802543;40.38078030579412
11;927;"GTA. VALLE DE ORO";"11/10/1979";437971.387781081;4471094.673602778;-3.730824759352;40.38813931535293
11;459;"OCA - EDUARDO MORALES";"28/09/1971";437411.241457895;4471234.331712529;-3.73743764292418;40.38935552222812
11;297;"OCA - LAGUNA";"09/04/1968";437028.712358411;4471137.645590496;-3.74193478848126;40.38845570241555
11;528;"GUABAIRO - JUAN ALONSO";"19/09/1972";436725.820027432;4470933.657444931;-3.74548295249705;40.386595137778
11;391;"NTRA. SRA. FATIMA - ESPINAR";"28/11/1969";436822.896469078;4470874.676163814;-3.74433346088244;40.38607117582686
11;969;"PSO. MARCELINO CAMACHO - EULALIA GIL";"11/06/1980";437047.719506814;4470918.894142354;-3.74168924433242;40.38648652934748
11;2215;"AV. EURO - MARAVEDI";"24/06/2015";436449.304070331;4468481.741272888;-3.74849608005011;40.3644861363099
11;2216;"PATRIMONIO HUMANIDAD - SALVADOR ALLENDE";"15/06/2015";435643.344901878;4468098.045382457;-3.75794911822784;40.36096781093993
11;1304;"NTRA. SRA. FATIMA - GUABAIRO";"18/02/1992";436674.080244682;4470778.631276508;-3.74607708086184;40.3851946634022
10;1996;"AV. PORTUGAL - PTA. ANGEL";"04/05/2007";438098.464843167;4474019.946787374;-3.72961210064494;40.41450092898928
10;1997;"AV. PORTUGAL - RECINTO FERIAL - P.P.";"04/05/2007";437309.021076569;4473629.626511973;-3.73887781260681;40.41092567567546
10;2022;"AV. PORTUGAL - ACCESO CASA CAMPO - P.P.";"07/09/2007";437080.137469165;4473487.877932466;-3.74156121123035;40.40963147732991
10;1279;"PSO. EXTREMADURA - SAN MANUEL";"21/08/1991";435517.287595916;4472593.057906747;-3.759888476796;40.40145100700409
10;2039;"PROL. YEBENES -  PARQUE ALUCHE P.P.";"13/12/2007";435707.427807954;4472280.36246433;-3.75761640009234;40.39864882767488
10;1229;"VALMOJADO - YEBENES - BARBERAN COLLAR";"24/09/1990";435810.116146221;4472212.685674677;-3.75639960920776;40.39804709015158
1;772;"PL. JACINTO BENAVENTE";"01/01/1978";440310.68160792;4473971.934626719;-3.70353485657781;40.41423000661614
1;458;"ATOCHA - SAN SEBASTIAN";"24/09/1971";440465.955374935;4473892.176113108;-3.70169737136031;40.41352262486365
2;1140;"PSO. YESERIAS - AC. PQUE. ARGANZUELA";"09/05/1987";439846.048025019;4472232.179785195;-3.7088464757388;40.39852401304983
2;1141;"PSO. YESERIAS - ARGANDA - SAN ANASTASIO";"09/05/1987";440235.047860062;4472070.187667583;-3.70424767496653;40.3970927155586
2;1433;"JUAN ANTONIO VALLEJO-NAJERA BOTAS - ARGANDA";"15/09/1995";440007.638204889;4472587.802222104;-3.7069759678379;40.40173929128519
2;1434;"JUAN ANTONIO VALLEJO-NAJERA BOTAS - PSO. ESPERANZA";"15/09/1995";440197.193535907;4472541.222835951;-3.70473795032341;40.40133331688029
1;828;"BARQUILLO - GRAVINA - ALMIRANTE";"01/01/1978";440989.656072535;4474889.127966026;-3.69561770611364;40.42254094510916
1;981;"BARQUILLO - AUGUSTO FIGUEROA - PRIM";"12/12/1980";440984.566145457;4474822.081114308;-3.69567148006262;40.4219365940121
9;402;"PSO. PTOR. ROSALES - PSO. MORET - P.P.";"16/06/1970";438496.591763834;4476024.943341035;-3.72511380226016;40.43259229293751
1;591;"FUENCARRAL - BARCELO - PALMA";"10/08/1973";440513.793959258;4475305.254572169;-3.70126573285071;40.42625572186405
1;827;"FUENCARRAL - SAN MATEO";"01/01/1978";440554.655338284;4475160.939353931;-3.70077057109818;40.42495858424128
1;1012;"FUENCARRAL - FARMACIA";"07/07/1981";440562.617626699;4475047.490456971;-3.70066610943368;40.42393715268396
7;299;"GRAL. ALVAREZ CASTRO - VIRIATO - P.P.";"25/04/1968";440417.813841333;4476398.496257541;-3.70249961199205;40.43609726780787
7;1359;"GTA. GRAL. ALVAREZ CASTRO - P.P.";"17/03/1993";440395.653823586;4476501.293137321;-3.70277051160773;40.43702171964985
7;799;"AGUSTIN DE BETANCOURT - MAUDES- MARIA GUZMAN";"01/01/1978";441046.709641698;4477323.987040096;-3.69517105717982;40.44447932414057
9;1725;"BEATRIZ BOBADILLA - JUSTO DORADO - P.P.";"13/08/2002";439389.108945501;4477731.598370301;-3.71475478623743;40.44803206337249
9;1566;"AV. PARANINFO - FACULTAD DERECHO";"21/04/1999";438153.537239497;4478044.729019002;-3.7293546694681;40.45076185639395
9;979;"JOSE ANTONIO NOVAIS - RAMIRO MAEZTU";"17/10/1980";438545.019016468;4477720.118567628;-3.72470686751131;40.44786667782483
9;1704;"AV. JUAN HERRERA 6 - P.P.";"29/01/2002";438051.936231599;4476723.724312001;-3.73042392439764;40.43885418551126
6;250;"FRANCOS RODRIGUEZ - LOPE HARO";"18/10/1967";440225.53253818;4478669.169629832;-3.70498022509702;40.45653865576995
6;743;"FRANCOS RODRIGUEZ - MARGARITAS";"08/09/1977";440102.300372471;4478678.473932324;-3.7064343987633;40.45661360001599
9;355;"FRANCOS RODRIGUEZ - DR. FEDERICO RUBIO";"10/06/1969";439540.006521017;4478812.923206457;-3.71307842140708;40.45778405456866
9;354;"FRANCOS RODRIGUEZ - POLICIA";"10/06/1969";439418.58702162;4478865.83289746;-3.7145154136381;40.45825184291013
9;861;"FRANCOS RODRIGUEZ - ANTONIO MACHADO";"01/01/1978";439026.274598831;4479025.523026998;-3.71915745954725;40.4596616990247
6;1053;"AV. PABLO IGLESIAS - ALEJANDRO RODRIGUEZ";"22/03/1982";439617.519834961;4478667.023714581;-3.71215040145035;40.4564753705516
6;1054;"AV. PABLO IGLESIAS - ARQUITECTO SANCHEZ ARCAS";"22/03/1982";439531.724376693;4478495.170031052;-3.71314582915287;40.4549210071521
9;1121;"ARQUITECTO SANCHEZ ARCAS - PSO. MORERAS";"22/05/1986";439192.543238976;4478216.313791384;-3.71711903271718;40.45238421542383
6;1289;"AV. PABLO IGLESIAS - NUMANCIA";"04/11/1991";439572.672317804;4478377.571448746;-3.71265174334414;40.45386461088054
9;1022;"DR. FEDERICO RUBIO - NUMANCIA";"11/09/1981";439511.845963382;4478291.365827713;-3.71336083555525;40.4530836120377
6;361;"DR. FEDERICO RUBIO - JERONIMA LLORENTE";"27/06/1969";439841.517031451;4478177.59068857;-3.70946239752667;40.45208260618171
6;541;"OFELIA NIETO - VILLAAMIL";"29/11/1972";439942.807855967;4479307.906560888;-3.70837487587976;40.46227226752705
6;1116;"VILLAAMIL - SANCHEZ PRECIADO";"18/04/1986";439877.078717766;4479480.400152059;-3.70916643700754;40.46382140325853
6;1486;"NUMANCIA - ALEJANDRO RODRIGUEZ - P.P.";"04/04/1997";439729.482579628;4478596.696731757;-3.71082333362159;40.45584996457985
9;2010;"ISLA OZA - ISLA ALEGRANZA - P.P.";"26/06/2007";438858.079181424;4479483.6612749;-3.72118523576313;40.46377641778025
9;863;"AV. NUEVA ZELANDA - ISLA SOLEDAD";"01/01/1978";438583.883040902;4479939.140025828;-3.72446329347854;40.46785930833906
9;864;"AV. NUEVA ZELANDA - ISLA OZA";"01/01/1978";438645.465170079;4479565.720633183;-3.72370081906455;40.46449996449311
9;1919;"ALC. MARTIN ALZAGA - ARCINIEGA - P.P. 2";"30/12/2005";439465.405406102;4479427.262803801;-3.71401681186082;40.4633128299563
6;1291;"AV. PABLO IGLESIAS - ALMANSA Y FEDERICO RUBIO";"18/11/1991";439803.369211315;4477893.519038267;-3.70988532127754;40.44952081155768
6;878;"CAPITAN BLANCO ARGIBAY - PSO. DIRECCION";"03/03/1978";439979.497441481;4479954.345830191;-3.70800329890566;40.46809829391918
8;1180;"SINESIO DELGADO - HOSPITAL CARLOS III";"28/10/1989";440873.907821191;4480659.566697983;-3.6975192917132;40.47451534460895
6;2252;"PSO. DIRECCION , 308 - ALBERDI";"03/08/2016";440111.237090095;4480143.235177036;-3.7064672379043;40.4698093896011
6;1785;"VIA LIMITE - INSTITUTO TETUAN VICTORIAS - P.P.";"10/05/2004";440875.406563175;4480472.646113276;-3.69748418808398;40.47283159698548
6;1968;"EMILIA - SOROLLA - BOMBEROS";"08/09/2006";440958.4075269;4480268.228724366;-3.69648608000498;40.47099602782081
6;2253;"PSO. DIRECCION - REYES AIZQUIBEL";"04/08/2016";440251.166820752;4480156.728036735;-3.70481797094534;40.46994101516325
4;367;"AV. BRUSELAS - AV. BAVIERA";"08/07/1969";443728.234570622;4477048.449468142;-3.66352844609678;40.442182958985
5;1712;"PADRE DAMIAN 37 - P.P.";"16/04/2002";441893.976485505;4479148.987497868;-3.68534787107748;40.46097939571098
2;1385;"JUAN DUQUE - PSO. MELANCOLICOS";"03/12/1993";438939.505070356;4473326.24845922;-3.71963322261616;40.40831391088362
2;1384;"PSO. IMPERIAL  - JEMENUÑO";"03/12/1993";439130.289530789;4473319.688619196;-3.717384257415;40.40826878873742
2;859;"PSO. YESERIAS - MELILLA";"01/01/1978";439646.611689846;4472369.639248939;-3.71120946755691;40.39974788435057
2;2209;"PSO.  YESERIAS - VALDELAGUNA - P.P. - NAVES";"17/02/2015";440106.908171146;4472089.028782545;-3.70575928858808;40.39725324002643
1;1043;"PL. CRUZ VERDE - SEGOVIA, 20 - P.P.";"07/01/1982";439607.41169526;4473938.544198662;-3.71182025347533;40.41387847726197
6;1988;"MARQUES VIANA - HIERBABUENA";"02/04/2007";440600.038821848;4479245.567611828;-3.70061755178318;40.46175793785086
6;1318;"MARQUES VIANA - RUIZ PALACIOS";"03/04/1992";440359.866232692;4479412.068164457;-3.70346581217151;40.46324063731285
6;1989;"MARQUES VIANA - ROBLEDO";"02/04/2007";440261.423549923;4479474.478168546;-3.70463275261206;40.46379577924731
6;1990;"MARQUES VIANA - PSO. DIRECCION";"02/04/2007";440118.987174237;4479531.686850755;-3.70631810577713;40.46430088402764
6;2221;"MARQUES VIANA-LUIS PORTONES-ANDREA PUECH";"22/07/2015";440206.865577282;4479497.335762946;-3.70527838621947;40.46399776493246
8;1426;"JOAQUIN LORENZO - COLEGIO ISAAC NEWTON - P.P.";"21/07/1995";438819.330565716;4480448.499779877;-3.72173529155062;40.47246517382847
13;1201;"AV. BUENOS AIRES - SIERRA SALVADA";"23/05/1990";444575.834864075;4471195.990376807;-3.65302466801104;40.38951762179192
13;1192;"AV. BUENOS AIRES - ARROYO DEL OLIVAR";"15/03/1990";444579.137858185;4471057.713677124;-3.65297372252492;40.38827216076779
13;1214;"AV. BUENOS AIRES - AV. PALOMERAS";"19/07/1990";444568.754371649;4470909.762431016;-3.65308317987662;40.38693863465735
13;1213;"AV. BUENOS AIRES - RIO IGUAZU";"19/07/1990";444573.028683659;4470775.850096264;-3.6530211725864;40.38573255460015
13;1221;"AV. BUENOS AIRES - PEDRO LABORDE";"24/08/1990";444565.447873672;4470589.554919748;-3.65309427187433;40.38405378861631
13;1352;"AV. BUENOS AIRES - AV. PABLO NERUDA";"04/12/1992";444582.935552262;4470301.158907223;-3.65286317304769;40.38145690210077
13;1502;"AV. PABLO NERUDA - AV. PALOMERAS";"08/10/1997";445087.383429905;4470699.504078888;-3.64695501245015;40.38507884257845
13;1231;"AV. PABLO NERUDA - DE LOS LEONESES";"26/09/1990";444971.488406822;4470518.665549302;-3.648304732016;40.38344208937984
13;1653;"AV. PABLO NERUDA - DE LA CENICIENTA";"05/12/2000";444203.622492882;4470295.845405306;-3.65733108106326;40.38138372154738
13;1599;"AV. PABLO NERUDA - SANTOS INOCENTES";"26/10/1999";444009.347120008;4470303.40647212;-3.65962033903204;40.38143880453925
13;1542;"GLORIETA ASAMBLEA DE MADRID";"15/09/1998";443686.022227823;4470399.709857519;-3.66343766725248;40.38228457475314
13;736;"AV. PALOMERAS - PEDRO LABORDE";"14/07/1977";444834.703060002;4470834.411730389;-3.64994347620447;40.38627748187202
13;692;"ARROYO DEL OLIVAR - PEDRO LABORDE";"03/07/1976";444933.448328965;4470993.435406013;-3.64879390172367;40.38771659838682
13;715;"ARROYO DEL OLIVAR - TTE. MUÑOZ DIAZ";"30/11/1976";444132.384126601;4471335.430289019;-3.65826144696886;40.39074415721065
13;1260;"ARROYO DEL OLIVAR - PAYASO FOFO";"09/04/1991";443970.409373035;4471379.132944184;-3.66017364280102;40.3911269773436
13;395;"ARROYO DEL OLIVAR - SIERRA DEL CADI";"07/01/1970";443862.34722306;4471465.110157042;-3.66145439266479;40.39189423501358
13;1035;"ARROYO DEL OLIVAR - SIERRA CARBONERA";"16/11/1981";443664.2727624;4471599.064021713;-3.66379995024314;40.39308759663606
13;484;"MARTINEZ DE LA RIVA - ARROYO DEL OLIVAR";"22/12/1971";443442.044339739;4471723.358008079;-3.66642932355051;40.394192248153
13;702;"MARTINEZ DE LA RIVA - PARR. EMILIO FRANCO";"21/07/1976";443490.18512133;4471528.290954075;-3.66584480173932;40.39243823883285
13;947;"MARTINEZ DE LA RIVA - JAVIER DE MIGUEL";"19/02/1980";443592.660373002;4471165.027637604;-3.66460525976615;40.38917269632224
13;699;"MARTINEZ DE LA RIVA - CARLOS MARTIN ALVAREZ";"16/07/1976";443602.317802829;4471036.576717278;-3.66448010791078;40.38801618865247
13;4530;"PAYASO FOFO - ESTADIO - P.P.";"17/08/2018";444023.0692626;4471484.63464348;-3.6595624846548;40.39208093974191
13;530;"AV. DE LA ALBUFERA - MELQUIADES BIENCINTO";"18/10/1972";443266.482345756;4472141.433759422;-3.66853510897839;40.39794657252765
13;97;"AV.  ALBUFERA - SIERRA  JAVALAMBRE - MONTE IGUELDO";"16/10/1960";443342.813407659;4472088.546150436;-3.66763099242704;40.39747532749948
13;1329;"AV. DE LA ALBUFERA - FELIPE FRAILE - JUNTA MUNICIPAL.";"05/08/1992";443458.05833566;4472008.562198074;-3.66626596570074;40.39676261880418
13;534;"AV. DE LA ALBUFERA - FERNANDO PRIMO DE RIVERA";"09/11/1972";443562.17451029;4471935.663900589;-3.6650327223782;40.39611297125595
13;301;"AV. DE LA ALBUFERA - PUERTO CANFRANC";"21/05/1968";443641.402511953;4471879.131335715;-3.66409419841059;40.39560905847277
13;535;"AV. DE LA ALBUFERA - SIERRA CARBONERA";"10/11/1972";443739.937034067;4471814.720144523;-3.66292751256061;40.39503546706511
13;611;"AV. DE LA  ALBUFERA - DOLORES FOLGUERAS";"11/03/1974";444219.032343186;4471476.27283547;-3.65725291151858;40.39201875801828
14;695;"ARROYO FONTARRON - ENCOMIENDA PALACIOS";"07/07/1976";445043.430574107;4472384.688853712;-3.6476182346761;40.40025712237983
13;1358;"MONTE IGUELDO - ANTONIA CALAS - PINTORA ANGELES SANTOS";"15/09/1967";443300.578623249;4471996.165168492;-3.66812041562434;40.3966402325872
13;4519;"AV. ALBUFERA - M-30 - VIA SERVICIO";"31/10/2017";443247.855025504;4472214.402046626;-3.66876109926148;40.39860264294821
13;873;"AV. DE LA ALBUFERA - AV. PABLO NERUDA";"30/01/1978";445352.051810769;4471139.887943945;-3.64387477779557;40.38906349948083
13;651;"AV. DE LA ALBUFERA - SAN CLAUDIO - P.P.";"03/03/1975";445532.394806902;4471027.675773245;-3.64174046631829;40.38806443281052
13;1137;"AV. DE LA  ALBUFERA - RAFAEL ALBERTI";"09/03/1987";445647.233876931;4470963.589551489;-3.64038203781779;40.38749460409735
13;360;"AV. DE LA ALBUFERA - FUENGIROLA";"26/06/1969";445782.255181088;4470875.847148994;-3.63878384848224;40.38671296293598
13;1391;"AV. DE LA  ALBUFERA 300 - P.P.";"10/06/1994";445859.756457093;4470833.367157636;-3.63786718567706;40.3863353161442
13;1184;"AV. DE LA ALBUFERA - M-40 OESTE";"17/01/1990";445998.69593072;4470751.35606455;-3.63622337865759;40.38560552493905
13;1473;"AV. DE LA  ALBUFERA - ADRA";"25/10/1996";444846.393672574;4471377.989491047;-3.64985281517364;40.39117513884484
16;1130;"JULIO DANVILA - MESENA";"24/11/1986";443660.888005231;4480353.541827198;-3.66461584182684;40.47195226366249
13;1436;"PIO FELIPE 12 - COLEGIO TAJAMAR - P.P.";"06/10/1995";444879.054233806;4472013.043650392;-3.64952298138818;40.3968982545153
13;1110;"BENJAMIN PALENCIA - PIO FELIPE";"13/02/1986";444697.498934499;4471855.147087432;-3.65164851107876;40.39546379099815
13;610;"AV. PEÑA PRIETA - FRANCISCO IGLESIAS";"26/02/1974";443342.432422661;4472307.63250098;-3.66765497818825;40.39944895583093
13;556;"AV. PEÑA PRIETA - CNO. VALDERRIBAS";"06/04/1973";443463.391574522;4472448.605354778;-3.66624220181915;40.40072714046111
13;1085;"PEÑA PRIETA 54 - P.P.";"09/12/1983";443558.002055914;4472550.738108282;-3.66513641394066;40.40165362867139
13;2196;"CAMINO VALDERRIBAS - JOSE PAULETE";"23/12/2014";444342.864137482;4471724.041340391;-3.65581557779386;40.39425908842673
13;2245;"AV. RAFAEL ALBERTI - TORREMOLINOS - P.P.";"20/04/2016";445496.03424552;4470711.478892286;-3.64214179002623;40.38521355325172
13;1511;"EL BOSCO - RAMON PEREZ DE AYALA";"09/01/1998";444691.132951973;4472579.928553948;-3.65178648339586;40.40199263186438
13;1512;"EL BOSCO 14 - COLEGIO LOSTILOS - P.P.";"09/01/1998";444856.866934703;4472384.811884116;-3.6498166114308;40.40024589700841
13;1538;"CAMINO VALDERRIBAS - ENRIQUE VELASCO - P.P.";"22/07/1998";444239.816442853;4471768.708228344;-3.65703363832064;40.39465458171584
13;1627;"BENJAMIN PALENCIA - RAMON PEREZ DE AYALA";"23/05/2000";444463.400727156;4471993.58886738;-3.65441887588422;40.39669537949986
15;227;"ALCALA - LAGO CONSTANZA";"05/06/1967";445016.732644283;4476032.075327622;-3.64824810860918;40.43311311360801
15;198;"ALCALA - EMILIO FERRARI";"29/10/1966";445362.296003496;4476239.022993372;-3.64419198223319;40.43500018504552
15;701;"ALCALA - ARTURO SORIA";"20/07/1976";445871.743085817;4476556.562434625;-3.63821287888151;40.4378940707525
15;578;"ALCALA - GENERAL ARANAZ";"17/07/1973";446100.236197437;4476633.591480517;-3.63552546494962;40.43860283283133
20;531;"ALCALA - TAMPICO";"28/10/1972";446388.156888058;4476731.913897157;-3.63213912044171;40.4395071890451
20;497;"ALCALA - RUFINO GONZALEZ";"28/02/1972";446741.00110496;4476851.87634027;-3.62798901591179;40.44061055321836
20;880;"ALCALA - MIGUEL YUSTE";"06/06/1978";446948.709083257;4476925.499980258;-3.62554617034735;40.44128707517201
15;1759;"ALCALA - FLORENCIO LLORENTE - SANTA ELENA";"15/07/2003";444708.625743507;4475976.075155128;-3.65187556899857;40.43258820882752
15;2068;"ALCALA - LOS URQUIZA";"21/01/2009";445178.762921955;4476123.75219481;-3.64634580856345;40.4339496848156
15;1425;"ALCALA - FEDERICO GUTIERREZ";"20/07/1995";445297.137398043;4476203.557663931;-3.64495711932852;40.43467641062957
20;1761;"JUAN IGNACIO LUCA TENA - JUANA I CASTILLA - P.P.";"18/07/2003";446385.720483066;4477648.705726963;-3.63224522531222;40.44776600670011
15;2125;"ALCALA - HERMANOS MACHADO";"12/04/2011";444916.048224912;4476011.030016725;-3.6494332732193;40.43291686398166
15;4573;"ALCALDE LOPEZ CASERO 10 - P.P.";"16/10/2019";444390.625394812;4476042.903404818;-3.65563035210311;40.43316903353855
15;4623;"ALCALA - ANGEL GONZALEZ TEJEDOR - P.P.";"29/04/2021";444309.970021683;4475907.40672203;-3.65656934141323;40.43194301051526
15;4763;"ALCALA - DR. VALLEJO - P.P.";"03/07/2023";445489.301294617;4476318.78426254;-3.64270148975416;40.43572705276523
15;4764;"ALCALA - JOSE ARCONES GIL";"23/06/2023";445764.434125595;4476490.41783281;-3.63947241188933;40.43729121173819
15;664;"HERMANOS GARCIA NOBLEJAS - CAUNEDO";"27/05/1975";445950.647492234;4476426.793531353;-3.6372715530948;40.43673017167477
15;659;"HERMANOS GARCIA NOBLEJAS - ARGOS";"16/05/1975";446008.932216021;4476318.194656747;-3.63657515752217;40.43575563768734
15;655;"HERMANOS GARCIA NOBLEJAS - JULIAN CAMARILLO";"14/05/1975";446180.487232152;4476002.845476046;-3.63452587125464;40.43292591174304
15;656;"HERMANOS GARCIA NOBLEJAS - MIGUEL FLETA";"15/05/1975";446295.340729964;4475792.78025258;-3.63315409084563;40.43104094683442
20;657;"HERMANOS GARCIA NOBLEJAS - LUIS DEL CAMPO";"15/05/1975";446419.303199603;4475585.366552335;-3.63167522945915;40.42918043769415
20;660;"HERMANOS GARCIA NOBLEJAS - CASTILLO AREVALO";"20/05/1975";446498.456638183;4475437.789004998;-3.63072970474015;40.42785606714796
20;658;"HERMANOS GARCIA NOBLEJAS - CASTILLO UCLES - GANDHI";"16/05/1975";446605.246725033;4475247.816380423;-3.62945487346225;40.42615154253959
20;663;"HERMANOS GARCIA NOBLEJAS - AV. ARCENTALES";"25/05/1975";446699.694289845;4475061.33188014;-3.62832588967741;40.42447763538319
20;569;"HERMANOS GARCIA NOBLEJAS - POBLADURA VALLE";"22/05/1973";446846.463907618;4474802.936391062;-3.62657420781729;40.4221592428707
20;681;"HERMANOS GARCIA NOBLEJAS - VILLAESCUSA";"05/12/1975";446948.961110234;4474616.451639844;-3.62535048160912;40.42048581637803
20;1156;"PLAZA ALSACIA  - FUENTE CARRANTONA - GUADALAJARA";"13/11/1987";447096.348016553;4474310.118622398;-3.62358774360523;40.41773556412715
20;1157;"PLAZA ALSACIA - AQUITANIA";"13/11/1987";447187.953549201;4474251.579420688;-3.62250316771357;40.4172140252833
20;2180;"POBLADURA VALLE - ARCOS DE JALON";"15/11/2013";446922.101161112;4474839.000551488;-3.62568565608036;40.42248895906282
20;1063;"ALBARRACIN - JULIAN CAMARILLO";"23/09/1982";446377.179568021;4476112.617598637;-3.63221628706688;40.43392750636163
20;1075;"EMILIO MUÑOZ - ALBARRACIN";"21/04/1983";446585.245283239;4475807.005993985;-3.62973763667779;40.4311877676035
20;1470;"EMILIO MUÑOZ - SANTA LEONOR - ZALDIVAR";"22/10/1996";446760.670347727;4475903.255930806;-3.62767762838627;40.43206609017596
20;1469;"EMILIO MUÑOZ - ALFONSO GOMEZ";"22/10/1996";446929.512711127;4476006.800369794;-3.62569578018975;40.43300966948583
20;1555;"HERMANOS GARCIA NOBLEJAS 196 - P.P.";"24/12/1998";447022.211734107;4474485.778124727;-3.62447618768533;40.4193132963721
20;1624;"EMILIO MUÑOZ 21 - P.P.";"18/05/2000";446675.626473645;4475853.084970014;-3.6286760068525;40.4316086730351
20;1625;"EMILIO MUÑOZ 51 - P.P.";"18/05/2000";447074.692242436;4476095.400242502;-3.62399160244679;40.43381708018739
20;1656;"JULIAN CAMARILLO - SANTA LEONOR";"12/12/2000";446621.618587314;4476161.18037481;-3.62933858038901;40.43438071170588
20;1655;"JULIAN CAMARILLO - ALFONSO GOMEZ";"12/12/2000";446844.056100559;4476252.942456313;-3.62672383541738;40.43522160432503
15;1773;"NICOLAS SALMERON 10 - P.P.";"26/11/2003";446825.995983215;4474324.530962762;-3.62677547087538;40.41784816865203
15;1772;"NICOLAS SALMERON - MATAMOROSA";"26/11/2003";446523.911150308;4474525.927392346;-3.63035295087224;40.41964311201556
15;1428;"BRAULIO GUTIERREZ - JOSE ARCONES GIL";"02/08/1995";446162.58293915;4475582.487151425;-3.63470134441184;40.42913792314796
15;386;"ARTURO SORIA - BUESO PINEDA";"03/11/1969";444456.18737717;4478377.327355114;-3.65506154964243;40.45420311973263
15;1709;"ARTURO SORIA - MANUEL DEL VALLE";"03/04/2002";444570.143301294;4478209.516886335;-3.65370303175605;40.45269900573325
15;580;"ARTURO SORIA - MANUEL MARIA IGLESIAS";"17/07/1973";444628.345036593;4478107.797233651;-3.65300781080981;40.45178654256561
15;1112;"ARTURO SORIA - DIEGO AYLLON";"05/03/1986";444674.036089285;4478023.212211065;-3.65246163133161;40.45102759985733
15;1175;"ARTURO SORIA - RAMIREZ DE ARELLANO";"16/06/1989";444734.14160899;4477916.868947999;-3.65174359247795;40.45007360340386
15;278;"ARTURO SORIA - EMILIO VARGAS";"01/01/1968";444787.334151691;4477831.848338527;-3.65110894564641;40.44931122856803
15;600;"ARTURO SORIA - HERNANDEZ DE TEJADA";"07/11/1973";444895.469002207;4477642.239371204;-3.64981736460816;40.44761030728035
15;1238;"ARTURO SORIA - AMARA";"13/11/1990";445019.575771126;4477496.350405924;-3.64834130176086;40.44630427984988
15;322;"ARTURO SORIA - MARQUES DE PORTUGALETE";"09/10/1968";445187.009019912;4477371.298403659;-3.64635621958819;40.44518880091356
15;589;"ARTURO SORIA - FERNANDEZ CARO";"20/07/1973";445272.719405871;4477318.787253552;-3.64534105702046;40.44472139877825
15;577;"ARTURO SORIA - MARQUES DE PICO VELASCO";"11/07/1973";445374.199972714;4477260.018662405;-3.6441394216627;40.44419865346622
15;312;"ARTURO SORIA - JOSE DEL HIERRO";"11/07/1968";445661.065198856;4476969.271016171;-3.64073207985224;40.44159823784051
16;441;"CTRA. CANILLAS - LOPEZ DE HOYOS";"13/04/1971";444223.285088507;4479377.482151718;-3.65789602044729;40.46319740836907
15;963;"GREGORIO BENITEZ - ASURA";"16/04/1980";444980.143794638;4477945.145648872;-3.64884514528074;40.45034465384965
15;532;"JOSE DEL HIERRO - MISTERIOS";"28/10/1972";445533.870771138;4476901.929400484;-3.6422260174932;40.44098326573715
15;750;"JOSE DEL HIERRO 39 - P.P.";"03/10/1977";445394.469274349;4476824.036432978;-3.64386294803687;40.44027242060604
15;1503;"MESENA - EMETERIO CASTAÑOS";"21/10/1997";443869.417274391;4479400.374230639;-3.66207171385332;40.46337980028351
15;719;"JOSE SILVA - TORRELAGUNA";"09/02/1977";443977.845131757;4478335.687503866;-3.66069889852434;40.45379590234845
15;1505;"TORRELAGUNA - RAMIREZ DE ARELLANO";"28/10/1997";444274.044188307;4477723.376276604;-3.65715214954698;40.44829980605348
15;1958;"ARTURO SORIA - SANTO ANGEL - P.P.";"30/06/2006";444159.619092906;4478818.552438811;-3.65859774962354;40.45815802088734
15;1606;"GRAL. ARANAZ - LOPEZ ARANDA";"24/11/1999";445859.607718787;4477076.774761594;-3.63840028565287;40.44257964219961
15;2179;"ASURA - JULIAN HERNANDEZ";"15/11/2013";444698.286717742;4478426.903914963;-3.65221082095788;40.45466587473287
15;2244;"TORRELAGUNA 83-85 - P.P.";"02/08/2016";444219.595472162;4477853.277121512;-3.65780560942312;40.44946636697752
15;1347;"INGENIERO EMILIO HERRERA - M-11";"19/11/1992";443795.783248997;4481690.15115383;-3.66314308894689;40.48400218328604
15;1134;"ARTURO SORIA - DALIA";"06/02/1987";443435.191364387;4481254.21122326;-3.66735847878476;40.48005055703275
15;1288;"ARTURO SORIA 318 - P.P.";"25/10/1991";443339.189679273;4481123.020644937;-3.66847932232441;40.4788621894573
15;1234;"ARTURO SORIA - CALERUEGA";"30/10/1990";443308.280574893;4480959.284998414;-3.66882932363526;40.47738507694346
15;697;"ARTURO SORIA - AV. SAN LUIS";"14/07/1976";443331.00031655;4480806.968153813;-3.66854769052248;40.47601448987888
15;595;"ARTURO SORIA - SERRANO GALVACHE";"18/09/1973";443436.081373432;4480309.366117002;-3.66726370967061;40.47153903005029
15;581;"ARTURO SORIA - SAN JUAN DE AVILA - ALONSO SAAVEDRA";"17/07/1973";443462.756844885;4480111.779818965;-3.66693143961694;40.4697608986481
16;1673;"CUEVAS ALMANZORA - BACARES";"30/03/2001";443964.447842879;4480728.350514486;-3.66106817585163;40.47534924821674
15;582;"ARTURO SORIA - RAMONET";"17/07/1973";443483.366821473;4480021.568679809;-3.66668029687024;40.46894963781946
15;583;"ARTURO SORIA - AÑASTRO";"17/07/1973";443527.204582513;4479812.552313295;-3.66614460742129;40.46706970320987
15;1730;"ARTURO SORIA - BRIVIESCA";"29/10/2002";443554.657065796;4481399.676695481;-3.66596204824516;40.4813691037406
15;1337;"MESENA - ELADIO LOPEZ VILCHES - BOMBEROS";"03/09/1992";443613.005400286;4480568.099165474;-3.66519973609569;40.47388184479961
14;635;"CNO. VINATEROS - CDOR. DIEGO VALDERRABANO";"11/11/1974";444149.336962126;4473543.975480264;-3.65825547492326;40.41064115373551
14;599;"CNO. VINATEROS - ARROYO MEDIA LEGUA";"26/10/1973";444383.294878502;4473547.864138271;-3.65549856016073;40.41069184976268
14;4552;"CNO. VINATEROS - JOSE PRADO Y PALACIO - P.P.";"16/04/2019";444536.686480048;4473535.928327443;-3.653689757857;40.41059455987088
14;642;"CNO. VINATEROS - ARROYO BELINCOSO";"02/12/1974";444639.577717871;4473509.406638648;-3.65247485041419;40.41036248655386
14;763;"CAMINO VINATEROS - PICO ARTILLEROS";"07/11/1977";445549.803690404;4472933.639840418;-3.6416983564824;40.40523567218501
14;676;"CNO. VINATEROS - AV. MORATALAZ";"20/10/1975";445205.284738066;4473248.706900732;-3.64578541354708;40.40805138035596
14;1193;"CDOR. DIEGO VALDERRABANO - LITUANIA";"19/03/1990";443948.458913663;4473381.463480309;-3.66060855747994;40.40916365182198
14;444;"CDOR. DIEGO VALDERRABANO - AV. MORATALAZ";"23/04/1971";443851.74682398;4473241.677384979;-3.66173597436102;40.40789786237523
14;977;"ARROYO MEDIA LEGUA - ENTRE ARROYOS";"08/10/1980";444250.695843083;4473345.657987655;-3.65704355918306;40.40886139143187
14;1102;"PL. CORREGIDOR ALONSO AGUILAR";"25/02/1985";444122.280673352;4473137.744327395;-3.65853866845294;40.40697977686313
14;1354;"ARROYO BELINCOSO - P.P.";"16/12/1992";444616.022035432;4473263.978178041;-3.65273109783166;40.40814995817677
14;921;"ARROYO PILILLAS 11 - P.P.";"28/03/1979";444674.825825986;4473149.929830498;-3.65202818978092;40.40712645442115
14;478;"PL. ENCUENTRO";"26/11/1971";444724.46263312;4472978.684947337;-3.65142836365771;40.40558707756441
14;1078;"PL. C. CONDE MACEDA TABOADA";"30/05/1983";445421.625752132;4472694.021067597;-3.6431883027112;40.40306864892104
14;1545;"ENCOMIENDA PALACIOS 158 - P.P.";"16/10/1998";445534.97651414;4472343.36628418;-3.64182257854533;40.39991715933471
14;1706;"ARROYO FONTARRON - C. JUAN FRANCISCO LUJAN";"25/02/2002";444743.631256882;4472761.830605057;-3.65118364655508;40.40363479857283
13;1477;"EL BOSCO - MARUJA GARCIA ROMERO";"19/11/1996";444470.018144659;4472833.525141035;-3.65441417034356;40.40426246127744
13;1498;"SIERRA TOLEDANA - Cº VALDERRIBAS";"12/09/1997";443925.311624577;4472261.048549195;-3.66078263934939;40.39906875494295
14;2269;"HACIENDA PAVONES 3-8 - P.P.";"30/10/2017";444908.115880377;4472869.683676482;-3.64925468648575;40.40461730282689
14;1139;"DR. GARCIA TAPIA - ARROYO MEDIA LEGUA";"24/04/1987";444512.754083932;4473729.056167345;-3.65398864984031;40.41233277101659
14;1578;"ARROYO MEDIA LEGUA - ALC. GARRIDO JUARISTI";"07/05/1999";444619.13361633;4473858.741504546;-3.65274619620914;40.4135081355807
14;1579;"ARROYO MEDIA LEGUA - ACCESO O'DONNELL";"07/05/1999";444689.141322879;4473940.103694585;-3.65192817539515;40.41424574800518
14;1143;"CDOR. DIEGO VALDERRABANO - ALC. LUIS MARICHALAR";"13/05/1987";444164.7720496;4473625.823391536;-3.65808075098689;40.41137952150929
14;2117;"CDOR. DIEGO VALDERRABANO 70 - INSTITUTO  - P.P.";"04/01/2011";444169.736314111;4473747.624167362;-3.65803293330155;40.41247710461754
14;634;"CDOR. DIEGO VALDERRABANO - DR. GARCIA TAPIA";"11/11/1974";444177.070370011;4473868.263444033;-3.65795708257641;40.41356438301798
14;1293;"AV. MORATALAZ 59-93-101 - P.P.";"05/12/1991";444411.078036586;4473048.876299118;-3.65512753858016;40.40619853627725
14;1350;"FELIX RODRIGUEZ FUENTE 25 - P.P.";"20/11/1992";444205.96644921;4474060.797693711;-3.65763340628624;40.41530077712474
15;1445;"AV. MARQUES CORBERA 20 - P.P.";"26/01/1996";444431.781614891;4474962.51942862;-3.65505071672893;40.42343909757968
15;1028;"AV. MARQUES CORBERA - MONTEJURRA";"27/09/1981";444523.375351523;4475048.470111965;-3.65397855473983;40.42421950107668
15;1446;"AV. MARQUES CORBERA 40 - P.P.";"26/01/1996";444646.812922285;4475166.051590449;-3.65253375377739;40.42528696167424
15;629;"AV. MARQUES CORBERA - GERARDO CORDON";"21/08/1974";444732.194657424;4475249.236856672;-3.65153451977595;40.4260420169751
15;665;"AV. MARQUES CORBERA - SANTA PRISCA";"09/06/1975";444852.289813138;4475347.335694144;-3.65012735204368;40.42693371529371
15;1387;"FRANCISCO VILLAESPESA - HNOS. MACHADO";"06/06/1994";444962.538008279;4475523.842435188;-3.64884301391504;40.42853108717476
15;1392;"FRANCISCO VILLAESPESA - JOSE MARIA PEREDA";"03/08/1994";445065.677407039;4475567.606383792;-3.64763094721086;40.42893215457159
15;1514;"FRANCISCO VILLAESPESA - LEDESMA";"12/02/1998";445138.33097664;4475577.184884674;-3.64677529920595;40.42902323775078
15;1388;"FRANCISCO VILLAESPESA - LAGO CONSTANZA";"06/06/1994";445212.874479168;4475589.990672178;-3.64589764746619;40.42914351229123
15;1393;"FRANCISCO VILLAESPESA - SALAS BARBADILLO";"03/08/1994";445286.330198713;4475607.405222044;-3.64503321256042;40.42930522695865
15;1389;"FRANCISCO VILLAESPESA - EZEQUIEL SOLANA";"06/06/1994";445373.967907087;4475616.026817618;-3.64400083241133;40.42938865474316
15;1395;"FRANCISCO VILLAESPESA - BERASTEGUI";"10/08/1994";445501.490627745;4475635.673541844;-3.6424992072487;40.42957400793448
15;1390;"ASCAO - GUTIERRE CETINA";"06/06/1994";445605.606848644;4475678.708586539;-3.64127550553324;40.42996850667795
15;429;"ASCAO - EMILIO FERRARI";"09/11/1970";445675.164704616;4475717.499953377;-3.64045882622037;40.43032250686487
15;511;"ASCAO - JOSE ARCONES GIL";"26/05/1972";445990.784947198;4475899.47365531;-3.63675352450831;40.43198238281453
15;1019;"POETA BLAS DE OTERO - FELIX RODRIGUEZ DE LA  FUENTE";"07/09/1981";444448.957263996;4474664.8789663;-3.65482225811442;40.42075893427363
15;982;"POETA BLAS DE OTERO - SANTA IRENE";"18/12/1980";444607.17827776;4474639.987912389;-3.65295513406244;40.42054524949322
15;705;"POETA BLAS DE OTERO - PABLO LAFARGUE";"08/08/1976";444709.252225263;4474796.875344793;-3.65176562903066;40.42196536822433
15;620;"AV. DAROCA - SANTA PRISCA - CEMENTERIO";"13/05/1974";445087.203862638;4475371.935758208;-3.6473602814952;40.42717086561965
15;1515;"LUIS RUIZ - FRANCISCO RIOJA";"12/02/1998";445885.310788595;4475720.326813053;-3.63798171036632;40.43036167055588
15;1516;"LUIS RUIZ - BRAULIO GUTIERREZ";"12/02/1998";445973.460488222;4475584.62671173;-3.63693100265307;40.42914493611694
15;907;"EZEQUIEL SOLANA - SERVANDO BATANERO";"18/02/1979";445334.377098175;4475690.328956498;-3.6444739407374;40.43005540928245
15;881;"AV. DAROCA - FRANCISCO LARGO CABALLERO";"21/06/1978";445766.717066152;4474945.754752962;-3.63931370667883;40.42337615694606
15;673;"AV. DAROCA - APOSTOL SANTIAGO";"18/10/1975";444480.090622881;4475643.951815886;-3.65454078158614;40.42958103886706
15;1055;"AV. DAROCA - VEREDA DEL CARMEN";"02/04/1982";444715.246230948;4475600.688490872;-3.65176486986756;40.42920696089493
15;1695;"AV. DAROCA -  MIGUEL UNAMUNO - P.P.";"27/11/2001";444829.411601991;4475536.603060365;-3.65041346817915;40.42863722354237
15;1051;"RICARDO ORTIZ - SAN MARCELO";"13/03/1982";444182.666454955;4475363.499542998;-3.65802236077643;40.42703466953435
15;2131;"RICARDO ORTIZ - SAN EMILIO";"17/01/2012";444181.313304638;4475263.721676541;-3.65802955169742;40.42613572570276
15;2151;"RICARDO ORTIZ - MONTEJURRA - SAN SECUNDINO";"26/12/2012";444207.517607885;4475109.334804366;-3.65770710890639;40.42474668254927
19;1015;"AV. DAROCA - CASALARREINA";"19/08/1981";447804.884658777;4473208.444366511;-3.61514613355348;40.40785572089563
19;704;"AV. DAROCA - CALAHORRA";"08/08/1976";447937.497552852;4473092.838004486;-3.61357385009713;40.40682256780344
19;1000;"AV. DAROCA - CNO. VIEJO VICALVARO";"12/04/1981";448233.349372877;4472797.029442679;-3.61006326591931;40.40417617875273
19;1325;"VILLABLANCA - VILLAJIMENA";"19/05/1992";448702.391836531;4473160.341393332;-3.60456523809645;40.40747816602326
19;1286;"VILLABLANCA - VIÑEDOS";"04/10/1991";448987.864906061;4473003.318097721;-3.6011883999487;40.40608113665525
19;1287;"VILLABLANCA - SEPIOLITA";"04/10/1991";449107.512726328;4472940.017956547;-3.59977333755081;40.40551820894865
19;1014;"CASALARREINA - CORDOVIN";"13/08/1981";448095.126136096;4473374.922315969;-3.61173925387885;40.40937360965366
19;1016;"CASALARREINA - EZCARAY";"20/08/1981";447953.018116125;4473339.930138546;-3.61341115424527;40.40904950447427
19;4581;"AV. DEMOCRACIA - AURORA BOREAL";"17/12/2020";447683.374242495;4472666.843064128;-3.6165335970538;40.40296899844363
19;1018;"CNO. VIEJO VICALVARO - CALAHORRA";"07/09/1981";447821.862611746;4472868.265866973;-3.61491816022397;40.40479223667547
19;1898;"SAN CIPRIANO - CAÑOS DE SAN PEDRO";"03/08/2005";448898.699464464;4472757.232583958;-3.6022194195999;40.40385876472596
19;1806;"VILLABLANCA - VEREDA DEL PINAR";"21/07/2004";448399.136958575;4473324.105565155;-3.60815232134251;40.40893471959889
19;1887;"PLAZA DE ALOSNOS";"20/05/2005";447638.979138413;4472957.42919994;-3.61708065494988;40.40558399599595
19;4518;"AV. DAROCA 321 - P.P.";"17/10/2017";448002.381546759;4473022.80889197;-3.61280349051615;40.40619575503059
19;1716;"BULEVAR JOSE PRAT - CORDEL PAVONES";"13/06/2002";447393.599422873;4472001.365474164;-3.61989331435299;40.39695568570536
19;1701;"BULEVAR JOSE PRAT - BULEVAR INDALECIO PRIETO";"18/01/2002";447169.364798005;4472071.597179708;-3.62254128765748;40.39757418382668
19;1715;"BULEVAR JOSE PRAT - LADERA ALMENDROS";"13/06/2002";446950.67444678;4472144.292918923;-3.62512418496788;40.3982151716846
16;902;"CTRA. CANILLAS - GOMEZNARRO";"08/02/1979";445109.924052486;4479370.833740234;-3.64743802383726;40.46319656410522
16;760;"CRA. CANILLAS - UTRILLAS";"21/10/1977";445271.059067347;4479424.18959856;-3.64554212437327;40.4636878502745
16;1032;"CRA. CANILLAS - JAVIER QUINTO";"19/10/1981";445544.484363104;4479538.06946059;-3.64232696706726;40.46473170407916
16;1449;"MOTA CUERVO 70 - P.P.";"15/02/1996";446441.201464741;4479543.003084563;-3.63175082267545;40.46483443977327
16;1060;"MOTA CUERVO 18 - P.P.";"21/06/1982";446228.623381627;4479535.635850265;-3.63425750977952;40.46475434073803
16;1241;"MOSCATELAR - SILVANO";"27/11/1990";445367.996669378;4478706.697139819;-3.64433702966167;40.45723068992185
16;1308;"MOSCATELAR - MILAN";"27/02/1992";445069.028067339;4478698.269917086;-3.64786216211867;40.45713506535318
16;1161;"AV. MACHUPICHU - SILVANO";"27/06/1988";446130.031430999;4479309.876301114;-3.63540121361494;40.46271419368743
16;1415;"SILVANO - JOSE DOMINGO RUS";"13/06/1995";446308.253260262;4479304.50745399;-3.63329873864187;40.46267736419588
16;1430;"AV. MACHUPICHU - FLORENCIO CASTILLO - P.P.";"06/09/1995";446782.802359352;4478982.604844361;-3.62767471991325;40.45980802151179
16;1417;"SILVANO - PEDROÑERAS";"13/06/1995";446618.169868191;4479298.337762007;-3.62964293687614;40.46264175349948
16;1418;"SILVANO - FRANCISCO MOSQUEDA";"13/06/1995";446750.068016031;4479294.187982292;-3.62808692833327;40.46261283370814
16;1419;"SILVANO - HAENDEL";"13/06/1995";446980.267817577;4479290.451233206;-3.62537154608786;40.46259389236251
16;1550;"AV. MACHUPICHU - MACHAQUITO";"06/11/1998";446955.32897062;4478819.538819613;-3.62562632818541;40.45835006464391
16;1431;"AV. MACHUPICHU - PL. MANUEL RODRIGO";"06/09/1995";446385.923931658;4479094.649332478;-3.63236493103788;40.46079186608598
16;1429;"AV. MACHUPICHU - AV. PAPA NEGRO";"18/08/1995";447040.626367499;4478704.017161221;-3.62461072136682;40.45731482216924
16;1267;"AV. ANDES - AV. MANUEL AZAÑA";"21/05/1991";447654.377298897;4478785.416631069;-3.61737916519164;40.45808700049605
21;1295;"AV. CONSEJO EUROPA - RIBERA LOIRA - GTA. J. BORBON";"18/12/1991";447782.469261286;4478994.488067945;-3.61588569462982;40.45997849271327
16;1215;"GLORIETA YUCATAN - AV. ANDES";"30/07/1990";446873.728717509;4478005.826322998;-3.62652060259441;40.45101447968853
16;1605;"SILVANO - ALCORISA";"24/11/1999";445753.816041625;4479208.483353194;-3.63982978026906;40.46177631634494
16;1921;"MOSCATELAR - PUERTO SANTA MARIA - P.P.";"18/01/2006";444826.885696906;4478702.592212297;-3.65071821820395;40.45715796212173
16;1938;"AV. MACHUPICHU - ANTONIO LARRAZABAL";"08/03/2006";446660.573264973;4479045.182266451;-3.62912153779127;40.46036391583261
16;1995;"MACHUPICHU - PICEAS";"03/05/2007";447159.201839699;4478478.26362444;-3.62319351218173;40.45528865673656
16;1416;"SILVANO - JOAQUIN FERNANDEZ LEIVA";"13/06/1995";446535.422551742;4479299.168420539;-3.63061896198759;40.46264391608802
16;2038;"SILVANO - ANGEL CAVERO";"12/12/2007";445204.860057111;4478500.038772481;-3.64624313057582;40.4553582641525
16;1770;"SILVANO - ESTRECHO MESINA";"10/11/2003";445038.09424325;4478327.12243396;-3.64819484516492;40.45378953281483
16;2087;"AV. ANDES - JARILLA - ABELIAS";"24/09/2009";446974.153306607;4478275.441876436;-3.62535887367615;40.45344973976263
16;2086;"AV. ANDES - MAHONIA";"23/09/2009";447532.617169871;4478602.65818353;-3.61880005393017;40.45643293099709
16;1686;"AV. MADROÑOS - SOTILLO";"29/06/2001";445973.078470892;4478679.581147146;-3.63719872863699;40.45702597223697
15;2073;"ASURA - ESTRECHO  MESINA";"28/03/2009";444834.108375867;4478220.572976973;-3.65059115389744;40.45281616632992
15;4549;"ASURA - SILVANO - DIEGO DE AYLLON";"10/12/2018";444879.135596283;4478132.951219173;-3.65005255759324;40.45202981169102
16;1249;"LOPEZ DE HOYOS - GRAN VIA DE HORTALEZA";"15/02/1991";444544.513100187;4479784.210058104;-3.65414286085024;40.46688291424128
16;976;"LOPEZ  DE HOYOS - GUISONA";"25/09/1980";444615.278941001;4479893.871809515;-3.65331774400794;40.46787552143147
16;451;"LOPEZ DE HOYOS - ANGEL LUIS DE LA HERRAN";"15/07/1971";444769.77837144;4480102.748753089;-3.65151356572124;40.46976747283181
16;707;"LOPEZ DE HOYOS 472 - SOLSONA - P.P.";"23/08/1976";444863.121949807;4480257.07741286;-3.65042593557874;40.4711639415246
16;679;"PLAZA SANTOS DE LA HUMOSA";"23/10/1975";444987.297578004;4480439.620419081;-3.6489770098656;40.47281661120984
16;908;"MAR DE LAS ANTILLAS - MAR CASPIO - MAR NEGRO";"20/02/1979";445291.383170224;4480536.162633271;-3.64539829905216;40.47370639599961
16;725;"MAR ANTILLAS - SANTA SUSANA";"03/05/1977";445153.724710797;4480755.168043558;-3.64704109823436;40.47567022421605
16;1312;"SANTA VIRGILIA - SANTA SUSANA";"12/03/1992";445250.820963022;4480921.449820382;-3.64591004330924;40.47717457772375
16;1460;"GLORIETA  FRANCISCO FERNANDEZ ORDOÑEZ";"23/08/1996";445010.180215043;4479890.178918987;-3.64865945585752;40.46786848834893
16;1483;"MAR NEGRO - MAR DE KARA";"11/02/1997";445436.562763679;4480554.35386527;-3.64368728103407;40.47387982186213
16;1307;"SANTA VIRGILIA - GREGORIO SANCHEZ HERRAEZ";"27/02/1992";445805.211846359;4480762.799868045;-3.63935638085865;40.47578174430326
16;1721;"GREGORIO SANCHEZ HERRAEZ - M-40";"19/07/2002";445882.723956978;4480834.579520188;-3.63844812025872;40.47643342573323
16;2105;"GREGORIO SANCHEZ HERRAEZ - VIA DE LOS POBLADOS";"15/04/2010";445996.597176527;4480951.736467916;-3.63711475745579;40.47749624673099
16;2213;"VIA DE LOS POBLADOS 1 - P.P.";"24/07/2015";445970.458350396;4480874.72579789;-3.63741655561827;40.47680079597546
16;2267;"GRAN VIA HORTALEZA - SUCRE";"11/05/2017";445338.114867093;4480002.004607354;-3.6448010092291;40.46889751289937
21;1524;"AV. LOGROÑO - PAJARONES";"29/05/1998";450638.071291207;4480715.82117853;-3.58234058828133;40.47565984574876
21;961;"AV. LOGROÑO - GONZALO CESPEDES";"16/04/1980";450696.302598314;4480248.598254292;-3.58161732758923;40.47145428118161
21;1520;"AV. LOGROÑO - CANAL SUEZ";"07/04/1998";450703.697340129;4480152.249857297;-3.58152261150891;40.47058675568775
21;957;"AV. LOGROÑO - AV. GENERAL";"01/04/1980";450710.911586825;4480009.684897134;-3.58142643633321;40.46930287250299
21;1468;"AV. LOGROÑO - SAN SEVERO";"10/10/1996";450428.092705044;4479554.179335268;-3.58472688535122;40.46518257426408
21;1467;"AV. LOGROÑO - BASELLA";"10/10/1996";450171.033767129;4479329.909378558;-3.58774127007738;40.46314683739183
21;1465;"AV. LOGROÑO - BREZOS";"08/10/1996";449997.356024342;4479208.033983575;-3.58978012355784;40.46203847636335
21;889;"AV. LOGROÑO - BAHIA DE CADIZ";"25/09/1978";449732.530084436;4479056.48354269;-3.59289157828632;40.46065723993615
21;1955;"AV. LOGROÑO - GTA. VIRGEN DE LA SOLEDAD - P.P.";"02/06/2006";450575.280985326;4479696.571088256;-3.58300189844246;40.46647409509879
21;1462;"AV. LOGROÑO - RAMBLAS";"03/10/1996";449348.061891148;4478847.70094143;-3.59740938500324;40.45875305478847
21;1463;"AV. LOGROÑO - JARDINES ARANJUEZ";"03/10/1996";448781.468702409;4478307.124157439;-3.60404804852123;40.45384849179833
21;980;"PSO. ALAMEDA - RAMBLA - COLEGIO";"14/11/1980";449583.517612209;4478478.502143444;-3.59460314522965;40.45544140796684
16;2031;"AV. LOGROÑO - M-40 - P.P.";"19/10/2007";448632.007565695;4478147.327511288;-3.60579770359026;40.45239972524705
16;1456;"AV. LOGROÑO - ACCESO PASEO ALAMEDA DE OSUNA";"15/07/1996";448423.852523297;4477961.022819526;-3.60823727298031;40.45070849245562
16;2093;"AV. LOGROÑO - A-2";"01/12/2009";448377.341772945;4477877.165913032;-3.60877892763711;40.44995017274183
20;1047;"ALCALA - CARTAGO - A-2";"15/02/1982";448373.028776949;4477761.486370768;-3.60882038309027;40.448907795149
21;2229;"PASEO ALAMEDA DE OSUNA - JARDINES DE ARANJUEZ";"21/10/2015";449040.189786995;4478324.864137882;-3.6009983933599;40.45402420754832
21;2211;"GTA. VIRGEN DE LA SOLEDAD (SUR) - P.P.";"31/03/2015";450631.05420038;4479765.031425809;-3.58234937033498;40.4670941436717
21;2210;"GTA. VIRGEN DE LA SOLEDAD (NORTE) - P.P.";"31/03/2015";450649.398137478;4479875.780771302;-3.58214161279473;40.46809293090013
21;2177;"AV. PARTENON - AV. CAPITAL DE ESPAÑA";"21/01/2014";447750.791949475;4479421.920240213;-3.6162944855529;40.46382704959844
15;254;"AV. DONOSTIARRA - VIRGEN DE LA ROCA";"27/10/1967";444187.24420136;4476225.769769525;-3.65804411068593;40.43480276790498
15;640;"SALVADOR MADARIAGA - ACCESO M-30";"11/11/1974";444252.065305211;4476586.527356426;-3.65731155280063;40.43805700994509
15;1327;"SALVADOR MADARIAGA - VERDAGUER GARCIA";"25/06/1992";444283.031125816;4476774.631970756;-3.65696295950133;40.43975363018033
15;1101;"AV. BADAJOZ - SALVADOR MADARIAGA";"02/01/1985";444278.750375491;4476885.907167385;-3.65702319023105;40.44075576838538
15;1072;"AV. BADAJOZ - MARTINEZ VILLERGAS";"04/03/1983";444472.564308799;4477004.597210262;-3.65474839734997;40.44183795568881
15;1124;"AV. BADAJOZ - TORRELAGUNA";"22/07/1986";444578.530169703;4477090.696032939;-3.653506495785;40.44262064883853
15;876;"AV. BADAJOZ - ARISTOTELES";"16/02/1978";444674.152921582;4477166.416511665;-3.65238561692996;40.44330914700237
15;1334;"AV. BADAJOZ - MADRE ANTONIA PARIS";"14/08/1992";444717.110461267;4477206.946584725;-3.65188263300082;40.44367712058809
15;1475;"TORRELAGUNA - CONDESA VENADITO";"07/11/1996";444478.78272125;4477261.799612869;-3.65469755753484;40.44415538438643
15;488;"PL. JOSE BANUS";"24/01/1972";444377.256984411;4476197.631695624;-3.65580149676085;40.43456201471146
15;505;"JOSE DEL HIERRO - VIRGEN LLUC";"11/04/1972";444614.929960002;4476224.159168456;-3.65300177728093;40.43481684968999
15;479;"JOSE DEL HIERRO - VIRGEN DEL SAGRARIO";"29/11/1971";444895.775002224;4476412.322177047;-3.6497070729363;40.43653057906372
15;398;"JOSE DEL HIERRO - HNOS. DE PABLO";"14/05/1970";445164.335431985;4476585.905284282;-3.64655577916733;40.43811206167928
15;1450;"VIRGEN ALEGRIA - P.P. - CENTRO COMERCIAL";"29/02/1996";444261.17279124;4476091.394085295;-3.6571607461448;40.43359719825113
15;918;"VIRGEN PORTILLO - VIRGEN ALEGRIA";"22/03/1979";444398.419194956;4476282.68276639;-3.65555944751577;40.43532961509904
15;375;"VIRGEN SAGRARIO - VIRGEN LLUC";"26/08/1969";444967.461432927;4476296.848454945;-3.6488519044412;40.4354950758778
15;1059;"HNOS. PABLO - GERMAN PEREZ CARRASCO";"21/06/1982";445317.757633851;4476317.929033108;-3.64472385869126;40.43570808702702
15;455;"HNOS. PABLO - VIRGEN PORTILLO";"16/09/1971";445057.800015464;4476718.929438477;-3.64782334243762;40.43930338339793
15;1464;"VIRGEN VAL - TORRELAGUNA";"04/10/1996";444897.848634211;4476851.214465477;-3.649720686668;40.44048449420983
15;507;"JUAN PEREZ ZUÑIGA - MARIA ZAMBRANO";"04/05/1972";444923.299286497;4476952.571815408;-3.64942939801658;40.44139926151847
15;2057;"JOSE DEL HIERRO - EMILIO GASTESI FERNANDEZ";"27/08/2008";445008.661928582;4476479.349788209;-3.64838195967366;40.43714187234215
15;2098;"JOSE DEL HIERRO - DR. VALLEJO";"20/01/2010";445214.64963339;4476731.788469986;-3.64597514944399;40.43942957298851
20;1027;"AV. CANILLEJAS A VICALVARO - NECTAR";"24/09/1981";447803.171093303;4476900.564811569;-3.61546941973899;40.44111652165648
20;1138;"AV. CANILLEJAS A VICALVARO - J. CAMARILLO - C. BOSFORO";"23/04/1987";447877.894748645;4476718.73024773;-3.61457345992591;40.43948313486578
20;1305;"AV. CANILLEJAS A  VICALVARO - ETRURIA";"26/02/1992";448051.52074306;4476300.110530213;-3.61249211712329;40.43572282054708
20;684;"AV. CANILLEJAS A VICALVARO - ARCENTALES";"11/02/1976";448076.004761337;4476177.153276785;-3.61219341059636;40.43461667583756
20;1357;"AV. CANILLEJAS A VICALVARO - ALBAIDA";"09/02/1993";448085.553830966;4476106.327781156;-3.61207504584402;40.43397923270422
20;1045;"AV. CANILLEJAS A VICALVARO - HINOJAL - COLEGIO";"26/01/1982";448112.875063852;4475957.779801987;-3.61174081642049;40.4326427265434
20;625;"AV. CANILLEJAS A VICALVARO 101 - P.P.";"02/07/1974";448142.205111577;4475780.893396663;-3.61138060668493;40.43105105426272
20;717;"AV. GUADALAJARA - AV. CANILLEJAS A VICALVARO";"28/01/1977";448137.752993508;4474863.792395247;-3.61135827953451;40.42278896015204
20;1557;"AV. CANILLEJAS A VICALVARO - AQUITANIA";"08/01/1999";448153.494989218;4474687.632321414;-3.61115835863556;40.42120298022949
20;734;"AV. GUADALAJARA - AMPOSTA";"21/06/1977";447711.679709002;4474658.146465756;-3.61636369794118;40.42090970693108
20;1531;"AV. GUADALAJARA - SAN ROMAN VALLE";"12/06/1998";447347.710429317;4474490.261567987;-3.62063995401275;40.41937434498801
20;1628;"AV. CANILLEJAS A  VICALVARO - RUSIA";"24/05/2000";448125.832477652;4474990.505505694;-3.61150912958716;40.4239297282796
20;1657;"AV. GUADALAJARA - P.P. - CENTRO COMERCIAL";"12/12/2000";447244.391824277;4474439.330965421;-3.62185353164627;40.41890898699146
20;1685;"AV. CANILLEJAS A VICALVARO - M-40 - P.P.";"29/06/2001";448162.313648621;4474517.252070328;-3.61104052355494;40.41966863650808
20;1684;"AQUITANIA - REPUBLICA ESLOVACA";"15/06/2001";447777.605152718;4474517.018255264;-3.61557503660589;40.41964247581455
20;1683;"AQUITANIA - CAPRI";"15/06/2001";447415.57522987;4474349.032577029;-3.61982836425929;40.41810635782367
20;1762;"AV. GUADALAJARA - ALBERICIA - TOSCANA";"24/07/2003";448017.424284779;4474803.333031073;-3.61277170933597;40.42223679534584
20;1768;"JULIAN CAMARILLO - ALBADALEJO";"14/10/2003";447636.943024179;4476621.333779369;-3.61740634678195;40.43859059184416
20;1859;"AV. GUADALAJARA 97 - P.P.";"10/12/2004";447883.765788832;4474740.95426566;-3.61434208052348;40.42166648741596
20;1895;"AQUITANIA - TOSCANA";"02/08/2005";448051.696485414;4474645.098418125;-3.61235480383094;40.4208134588479
19;4813;"AV. BLAS DE LEZO - DEL DIALOGO";"28/03/2025";453098.679438859;4473010.71263687;-3.5527443900594;40.40638948946535
13;1097;"AV. ENTREVIAS - RENFE";"17/09/1984";442947.698724413;4471236.215035512;-3.67221024103903;40.38977007087657
20;1943;"AQUITANIA - NUERMBERG - P.P.";"30/03/2006";447606.507168093;4474435.7733338;-3.61758506191148;40.4188998156524
20;1946;"AQUITANIA - RIMINI";"06/04/2006";447919.310602666;4474582.253077442;-3.61391010712291;40.42023903310656
20;2070;"AV. GUADALAJARA - RUMANIA";"11/02/2009";448227.110231754;4474897.709545329;-3.61030774409358;40.42310007218125
20;2069;"SUECIA - MARSELLA";"10/02/2009";448227.109299615;4474722.660369194;-3.61029350327785;40.42152311862804
20;2199;"GTA. POBLADURA VALLE - ARCOS DE JALON";"05/01/2015";448043.385153712;4475385.278292218;-3.61251325249986;40.42748094270161
20;4644;"AV. CANILLEJAS A VICALVARO - SANTA TECLA - P.P.";"07/10/2021";447748.804463104;4477031.516227361;-3.61612120932708;40.44229279485083
14;1626;"DR. GARCIA TAPIA - RABAT";"18/05/2000";446750.190246376;4473102.744140479;-3.6275667020906;40.40683671137141
14;2;"MARIO CABRE - OBERON";"31/05/2011";446111.977071615;4473113.646014093;-3.63508874397986;40.40689385544425
14;1406;"DR. GARCIA TAPIA - FOBOS";"28/04/1995";446109.786046663;4473258.652877364;-3.63512684403852;40.40820002417248
14;1155;"FUENTE CARRANTONA - HACIENDA PAVONES";"29/10/1987";446014.86743812;4472455.699105728;-3.63617734252282;40.40096037305886
14;1158;"FUENTE CARRANTONA - ENCOMIENDA PALACIOS";"05/02/1988";445859.277839209;4472159.085963784;-3.63798552563498;40.39827819632688
14;1106;"FUENTE CARRANTONA - ARROYO FONTARRON";"18/07/1985";445722.135698114;4471892.085561426;-3.63957873009775;40.39586396363718
14;1105;"ARROYO FONTARRON - TACONA";"17/07/1985";445598.587636306;4471931.40947736;-3.64103782189008;40.39621015669736
14;1344;"AV. MORATALAZ 187 - COLEGIO SENARA - P.P.";"29/10/1992";445419.54631405;4473345.834040122;-3.64326870671567;40.40894043498565
14;1757;"HACIENDA PAVONES - INTERCAMBIADOR";"04/07/2003";446132.640861483;4472407.916573291;-3.63478550200961;40.40053754550286
13;936;"AV. PABLO NERUDA - SAN CLAUDIO";"17/12/1979";445432.744822263;4471287.777014871;-3.64293676052266;40.39040106648716
13;1144;"AV. PABLO NERUDA - MIGUEL HERNANDEZ";"18/05/1987";445650.542567703;4471664.613696386;-3.64040287716953;40.39381008647441
13;1298;"AV. PABLO NERUDA - DE LOS ANDALUCES";"03/01/1992";445519.802355551;4471431.436326031;-3.641923357782;40.3917009378472
14;1476;"PICO ARTILLEROS - LUIS HOYOS SAINZ";"08/11/1996";445745.685122429;4473011.067772796;-3.63939662077742;40.40594597788649
14;1711;"HACIENDA PAVONES 271 - P.P.";"11/04/2002";446595.789486674;4472253.582061044;-3.62931501767499;40.39917703492738
14;1747;"DR. GARCIA TAPIA - CARRIL BICI - P.P.";"30/04/2003";446936.608260356;4473048.155259787;-3.62536527656819;40.40635684333419
13;1276;"MIGUEL HERNANDEZ - LEON FELIPE";"22/07/1991";446049.443899243;4470947.982133793;-3.63564217168728;40.38738014698693
14;2082;"DR. GARCIA TAPIA 114 - FONDO DE SACO";"12/09/2009";444932.261034254;4473725.953295861;-3.64904425362614;40.41233267862516
20;1590;"PL. GRECIA - ARCENTALES - SUECIA";"22/06/1999";448562.409019043;4476208.201412078;-3.60646143454111;40.43492660137996
20;1681;"SUECIA - MARIA SEVILLA DIAGO";"14/06/2001";448599.234624426;4476040.849097094;-3.60601373966957;40.43342126472655
20;1965;"SUECIA 81 - CATANIA - P.P.";"01/08/2006";448629.417425459;4475870.229345264;-3.60564411368049;40.43188608045835
20;1682;"SUECIA - JULIA GARCIA BOUTAN";"14/06/2001";448657.885451705;4475682.203609183;-3.60529331418834;40.43019398461681
20;1964;"SUECIA -  MANCHESTER";"01/08/2006";448672.987938939;4475610.538636304;-3.60510948755267;40.42954931354468
20;1734;"SUECIA - ALPES";"13/11/2002";448697.70353847;4475457.276601874;-3.60480575473998;40.42817015719418
20;1896;"SUECIA - BUDAPEST";"02/08/2005";448725.14572585;4475301.495816302;-3.60446968998653;40.42676847717557
20;1959;"SUECIA - PSO. GINEBRA (SUR)";"04/07/2006";448720.746080345;4474957.531802832;-3.60449381263262;40.42366955923651
20;1886;"SUECIA - FRANCFORT";"05/05/2005";448567.54752025;4474881.640878046;-3.60629352480861;40.42297642935122
20;1642;"NIZA - MARIA SEVILLA DIAGO";"26/07/2000";448450.685222931;4476018.568717142;-3.60776323292701;40.43321135569376
20;1975;"NIZA 53 - P.P. - TRAVESIA RONDA";"03/10/2006";448471.792156837;4475895.226047659;-3.60750439696244;40.43210151637035
20;1643;"NIZA - JULIA GARCIA BOUTAN";"26/07/2000";448510.951147774;4475665.135022374;-3.60702410849182;40.43003113802308
20;1982;"NIZA - BELGICA - P.P.";"14/02/2007";448532.831617049;4475529.417169644;-3.60675517671429;40.42880986070762
20;1983;"NIZA - AUSTRIA";"14/02/2007";448566.330837644;4475331.488929356;-3.60634425626053;40.42702887049609
20;2012;"SUECIA - CALABRIA";"13/07/2007";448640.288527274;4475781.779711642;-3.6055088063328;40.43108994220753
20;2084;"NIZA - PSO.  GINEBRA (NORTE)";"21/09/2009";448601.036842973;4475136.906550228;-3.60591940304506;40.42527809431424
20;2085;"AV. GUADALAJARA - PSO.  GINEBRA";"21/09/2009";448543.297854351;4475041.592787411;-3.60659231235843;40.42441587843175
20;5;"PL. GRECIA  - PITAGORAS - AV. LUIS ARAGONES";"14/09/2011";448527.335014162;4476290.717912733;-3.60688162695938;40.43566779093754
20;2277;"AV. ARCENTALES - ESTADIO";"16/09/2017";449047.292937502;4475989.804220594;-3.60072732772368;40.43298898957058
19;1926;"MINERVA - DEHESA VICALVARO";"20/02/2006";448444.013456326;4471801.268718184;-3.60750010981982;40.39521876925345
19;1784;"MINERVA - AV. AURORA BOREAL";"29/04/2004";448807.158255745;4472222.254832936;-3.60325513645887;40.39903370020063
19;1240;"VILLABLANCA - AV. GRAN VIA DEL ESTE";"16/11/1990";449496.754021671;4472725.801269719;-3.59516932551379;40.40361210135868
19;4808;"AV. MIGUEL DELIBES - MARIO MORENO ""CANTINFLAS""";"28/03/2025";452468.376462089;4472869.80355792;-3.56016181815042;40.40508432868506
13;1457;"AV. ENTREVIAS - TIMOTEO PEREZ RUBIO";"06/08/1996";442980.971021753;4471053.422751974;-3.67180187793091;40.38812565100721
13;1598;"AV. ENTREVIAS 34 - P.P.";"26/10/1999";443053.682712008;4470775.878553885;-3.67092042951895;40.38563034553621
13;1940;"AV. ENTREVIAS - SIERRA DE CONTRAVIESA - BUENDIA";"08/03/2006";443100.613797055;4470635.318185826;-3.67035498726671;40.3843673021894
13;1196;"AV. ENTREVIAS - CALERO PITA - P.P.";"04/04/1990";443155.388720087;4470517.013013206;-3.66969914818933;40.38330527869251
13;975;"AV. SAN DIEGO - SIERRA DE MOLINA";"24/09/1980";443251.708851495;4470944.879602711;-3.66860256420469;40.38716631782002
13;700;"AV. SAN DIEGO - PUERTO DE ARLABAN";"19/07/1976";443338.404653535;4470845.039521962;-3.6675723086706;40.3862728008823
13;1006;"AV. SAN DIEGO - PEÑA ATALAYA";"11/05/1981";443371.63961083;4470803.494401138;-3.66717707521548;40.38590079771546
13;404;"AV. SAN DIEGO - CARLOS MARTIN ALVAREZ";"22/06/1970";443410.809507928;4470766.697156547;-3.66671234917915;40.38557196794979
13;1769;"AV. SAN DIEGO - PTO. DE LA BONAIGUA";"21/10/2003";443457.099550791;4470724.909899551;-3.66616330371753;40.38519866653311
13;1210;"AV. SAN DIEGO - VIZCONDE ARLESSON";"09/07/1990";443508.389950314;4470650.074011753;-3.66555242604507;40.38452797982738
13;1258;"MANCHA - LAGARTERA - PEDROCHES";"25/03/1991";443064.265055711;4470165.55097203;-3.67074122284821;40.38013288001892
13;2078;"PUERTO DE BALBARAN - IMAGEN";"16/06/2009";443255.77803294;4470449.366257552;-3.66851049103892;40.38270271974342
13;2099;"AV. ENTREVIAS - CONCEJO DE TEVERGA";"21/01/2010";443016.910769916;4470909.666518213;-3.67136560168658;40.38683307087861
13;2100;"AV. ENTREVIAS - VEDRA - PEAL";"21/01/2010";443681.600343199;4469910.491614969;-3.66344652295602;40.37787710236778
20;1306;"AV. HELLIN - POBLADURA VALLE - BOMBEROS";"27/02/1992";447827.070491024;4475445.233228092;-3.61506815366327;40.42800751555828
20;2071;"ALBERICIA - COLEGIO EL SOL - P.P.";"11/02/2009";447934.75208389;4474920.626690648;-3.61375580173126;40.42328828088716
20;1168;"AV. ARCENTALES - AJOFRIN";"19/10/1988";446931.132795009;4475256.941069617;-3.62561407899391;40.42625459499754
20;4529;"ARCOS JALON 116 - P.P.";"10/08/2018";447823.338664786;4475131.909053133;-3.6150864318068;40.42518466415187
16;4745;"AV. FUERZAS ARMADAS - PARKING (OESTE)";"21/05/2023";445717.772582123;4481776.435691191;-3.64047465165894;40.48490736072773
16;4532;"AV. FUERZAS ARMADAS - ARETHA FRANKLIN";"26/12/2018";445925.817508396;4481831.823138433;-3.63802480420222;40.48541989411591
16;4747;"AV. FUERZAS ARMADAS - PARQUE P.P. (OESTE)";"21/05/2023";446020.868716403;4481875.682455948;-3.63690708947354;40.48582118570715
16;4748;"AV. FUERZAS ARMADAS - PARQUE P.P. (ESTE)";"21/05/2023";446176.179797072;4481943.41359756;-3.63508041118156;40.48644142464248
16;4533;"AV. FUERZAS ARMADAS - ROCÍO JURADO";"26/12/2018";446362.728443633;4481944.629231668;-3.6328795086481;40.48646444933334
21;4831;"AVDA. DE LAS FUERZAS ARMADAS 400- P.P";"27/10/2023";447910.455648352;4481470.54266721;-3.61457954716188;40.48229218222787
20;1664;"ALCALA - CRONOS";"09/02/2001";447398.70383248;4477078.392226563;-3.62025308192535;40.44269300651269
20;477;"ALCALA - AV. CANILLEJAS A VICALVARO";"26/11/1971";447683.096906815;4477188.710643073;-3.61690890497943;40.44370476277716
20;995;"ALCALA - SAN MARIANO";"23/02/1981";447903.743318817;4477366.07104938;-3.61432178168159;40.44531638461778
20;384;"ALCALA - GUTIERREZ CANALES";"17/10/1969";448059.230861638;4477495.445447855;-3.61249894379202;40.44649159427923
20;1694;"ALCALA - ESFINGE";"27/11/2001";448129.564882292;4477556.369077806;-3.61167456735187;40.44704482166748
20;1349;"JULIAN CAMARILLO - MIGUEL YUSTE";"19/11/1992";447129.548945158;4476367.510693263;-3.62336751416527;40.43627190040143
20;712;"EMILIO MUÑOZ - MIGUEL YUSTE";"22/10/1976";447205.640351308;4476191.041394221;-3.62245575036799;40.4346869947035
20;1164;"AV. 25 SEPTIEMBRE - PUERTOLLANO";"14/10/1988";447067.179529613;4477104.649967334;-3.62416425018256;40.44290851179659
20;1165;"AV. 25 SEPTIEMBRE - PLAZA ENSIDESA";"14/10/1988";447029.607247842;4477182.213163216;-3.62461373139802;40.44360485279812
20;1166;"AV. 25 SEPTIEMBRE - PLAZA OLIVAS";"14/10/1988";446939.503604776;4477376.525132862;-3.625692382708;40.44534958052697
16;1864;"A-1 VIA DE SERVICIO - FCO. PI  Y MARGALL";"20/12/2004";443513.724704494;4482888.051565928;-3.66657759704425;40.49477424078775
8;1832;"STO. DOMINGO DE LA CALZADA - SAUCEDA";"02/08/2004";443850.407767945;4483796.383306011;-3.6626852666866;40.50297972109826
16;4734;"ANA DE AUSTRIA 14 P.P.";"21/05/2023";444099.42335393;4482602.601418537;-3.6596411973442;40.49224243827765
16;4732;"ANA DE AUSTRIA - PRINCESA DE EBOLI P.P.";"21/05/2023";444199.678151589;4482721.60172212;-3.65846871825777;40.4933211910111
16;4731;"ANA DE AUSTRIA - ISABEL CLARA EUGENIA";"21/05/2023";444436.931063494;4483004.78588172;-3.6556940356525;40.49588815505217
18;464;"CNO. REAL DE ARGANDA - MONTES BARBANZA";"19/10/1971";447416.535989173;4470070.276259919;-3.61946364302541;40.379560590841
18;1677;"REAL DE ARGANDA- SIERRA TORCAL";"24/05/2001";447601.545433737;4470059.866720037;-3.61728338889481;40.37947846853606
18;1792;"REAL DE ARGANDA - RONDA DE LAS SUERTES - P.P.";"23/06/2004";447705.095906403;4470055.381890621;-3.61606320473021;40.37944457093046
18;1793;"AV. ENSANCHE VALLECAS - REAL DE ARGANDA - P.P.";"23/06/2004";447909.917992722;4470030.54934081;-3.61364838772306;40.37923369070483
18;1794;"REAL DE ARGANDA - P.P.";"23/06/2004";448105.241665727;4469997.804237171;-3.61134483071426;40.37895088667523
18;1795;"REAL DE ARGANDA - PUENTELARRA - P.P.";"23/06/2004";448189.146226098;4469963.924822573;-3.61035369412656;40.37865089810671
18;1548;"AV. SANTA EUGENIA - PUENTELARRA";"23/10/1998";448200.276703778;4470337.732613563;-3.61025296519668;40.38201911119481
18;1917;"CAMINO HORMIGUERAS 172 - P.P.";"07/12/2005";446182.681315126;4469798.297867653;-3.63397536434769;40.37703165775909
18;1916;"CAMINO HORMIGUERAS 168 - P.P.";"07/12/2005";446025.333199316;4469754.37392121;-3.63582511890392;40.37662578597956
18;1753;"GONZALEZ DAVILA - LUIS I - P.P.";"23/06/2003";445740.378986373;4469773.189516206;-3.63918330255601;40.37677678538451
18;1752;"GONZALEZ DAVILA - CNO. HORMIGUERAS";"23/06/2003";445776.415362153;4469656.759010519;-3.63874891065608;40.37573024864101
1;1071;"SAN BERNARDO - LUNA";"03/03/1983";439981.250149382;4474968.884824792;-3.70751153507445;40.4231873026926
8;4797;"AV. ILUSTRACION - P.P.";"08/03/2024";440476.657820791;4481590.986265743;-3.70229280673794;40.48287754813413
3;825;"ESTRELLA POLAR - SIRIO";"01/01/1978";443682.719344841;4473589.636179011;-3.66375871944098;40.41102105172725
2;1076;"EMBAJADORES - PSO. DEL MOLINO";"23/04/1983";441252.043018789;4471245.434225294;-3.69218853978403;40.38973526250832
2;342;"PL. LEGAZPI - BOMBEROS";"17/02/1969";440997.789924581;4471399.85565649;-3.69519833311192;40.39110840250336
2;1594;"JAIME CONQUISTADOR - TOMAS BORRAS";"13/08/1999";440730.927822918;4471824.909462488;-3.69838199496499;40.39491856218311
2;615;"JAIME CONQUISTADOR - DIVINO VALLES";"10/04/1974";440748.643491049;4471995.85843456;-3.69818916866476;40.3964598190453
2;185;"EMBAJADORES - JAIME CONQUISTADOR";"10/08/1966";440782.406756171;4472232.996999071;-3.69781340231482;40.39859848623603
2;470;"BATALLA SALADO - CACERES";"16/11/1971";440900.781033341;4472237.919458018;-3.69641904799371;40.39865123952551
8;1718;"NTRA. SRA. VALVERDE - A. MOLINA - VISTAS  MORALEJA";"14/06/2002";441799.425758762;4483238.041619866;-3.68683831663775;40.49780863792972
8;972;"NTRA. SRA. VALVERDE - FUENTE DE LA CARRA";"17/07/1980";441835.25774115;4483369.700294852;-3.6864275724619;40.49899718110397
20;1741;"AV. GUADALAJARA 55 - P.P.";"29/01/2003";447545.176276848;4474577.567976313;-3.6183196508803;40.42017332628129
2;4746;"PEDRO BOSCH, 77 - P.P.";"18/05/2023";442500.572049175;4472003.45610716;-3.67754737014656;40.39665106305434
19;1861;"MINERVA - ERMITA DE LA SOLEDAD";"16/12/2004";449101.361405447;4472599.330994571;-3.5998185837725;40.40244869396321
19;1527;"RIVAS - BOYER";"08/06/1998";449733.490564346;4472493.152877508;-3.5923612086229;40.40153056981761
5;1024;"CORAZON MARIA - LUIS SALAZAR";"22/09/1981";443488.569352286;4477628.889927633;-3.66640591753333;40.44739560124684
5;993;"ALFONSO XIII - PRADILLO";"12/02/1981";443401.270922375;4478023.917363597;-3.66747051671543;40.45094826262012
5;683;"CLARA REY - CANILLAS";"06/02/1976";443290.011157909;4477228.994962938;-3.66871154192866;40.4437796293786
5;1544;"PRADILLO - PANTOJA";"01/10/1998";442986.310411575;4477801.525499914;-3.67234387338168;40.44891649160839
5;1660;"CLARA REY - RAMOS CARRION";"21/12/2000";443356.291494244;4477533.141482341;-3.66795715235802;40.44652404975425
8;1513;"CESAR MANRIQUE - CABRERA";"04/02/1998";438943.073905096;4480433.382309848;-3.72027417223225;40.47233809588767
9;905;"ANTONIO MACHADO - VALDERREY";"12/02/1979";439008.933847136;4479933.816074311;-3.71944926725195;40.46784266360017
7;78;"BRAVO MURILLO - JOSE ABASCAL";"01/01/1960";440276.201178037;4476686.536354082;-3.70419623951074;40.43868190161614
17;2222;"AV. ROSALES - AMERICIO";"18/09/2015";442152.789789782;4467609.524964795;-3.68124640911531;40.35704391585293
16;958;"AV. SAN LUIS - ELADIO LOPEZ VILCHES";"07/04/1980";443715.100656957;4480601.529742621;-3.66399835756253;40.47418992776569
16;762;"AV. SAN LUIS - CUEVAS DE ALMANZORA";"26/10/1977";443760.843652357;4480549.743520421;-3.66345416560892;40.47372651247116
7;4637;"TRAFALGAR -ALBURQUERQUE";"18/11/2021";440590.023740748;4475866.1789675;-3.70041956709921;40.4313142333174
6;609;"FRANCOS RODRIGUEZ - LORENZANA";"17/01/1974";439950.072663386;4478689.915027034;-3.70823072700502;40.45670568038452
15;594;"ARTURO SORIA - MANUEL URIBE";"18/09/1973";443590.156350675;4479497.988955328;-3.66537412055634;40.46424024654797
15;1152;"AV. SAN LUIS - MESENA - BOMBEROS";"25/09/1987";443592.385025433;4480662.329907754;-3.66545136040715;40.47472931784947
7;315;"ARAPILES - MAGALLANES";"02/08/1968";440163.519750608;4476086.880076708;-3.70546829364184;40.43327183502961
7;190;"RIOS ROSAS - PONZANO";"19/09/1966";440714.258123658;4477037.163237207;-3.6990642462922;40.44187184971683
1;45;"GRAN VIA - SAN BERNARDO";"01/01/1960";439943.807067865;4474789.55065789;-3.70793595212586;40.42156907726566
6;2157;"PABLO IGLESIAS - JUAN XXIII";"12/04/2013";439715.633751397;4478062.779177236;-3.71093595867885;40.45103921736148
4;186;"ALCALA - JORGE JUAN";"19/08/1966";442421.292972418;4474980.712745393;-3.67875090883457;40.42346628961248
14;4551;"CNO. VINATEROS 69 - P.P.";"24/04/2019";444756.582752979;4473467.554542612;-3.6510922865001;40.40999323198731
14;570;"CNO. VINATEROS - C. JOSE PASAMONTE";"23/05/1973";444864.106440894;4473425.501660211;-3.64982145870462;40.40962152400292
14;675;"CNO. VINATEROS - MARROQUINA";"20/10/1975";445044.647788773;4473343.484354927;-3.64768667753094;40.40889460255323
14;882;"CAMINO VINATEROS - CAÑADA";"27/06/1978";445388.63318456;4473067.385992695;-3.6436091222603;40.4064299813797
5;630;"CAIDOS DIVISION AZUL - CTE. FRANCO";"01/10/1974";443040.679069744;4479727.466402648;-3.67187557815776;40.46626999528129
5;317;"AV. PIO XII - CTE. FRANCO";"22/08/1968";442735.365195809;4479666.073004745;-3.67547119423081;40.46569594713573
17;1271;"VIRGEN DESAMPARADOS - ANOETA";"05/06/1991";440661.100517663;4467127.838652018;-3.69876749446796;40.35259980442699
17;1023;"AV. ANDALUCIA - FRANCISCO PINO";"14/09/1981";441177.468049249;4466803.835635895;-3.69265737354026;40.3497175676929
17;396;"AV. ANDALUCIA - AV. VERBENA PALOMA";"15/01/1970";441108.971663699;4468095.407618194;-3.69358310005537;40.36134797275828
4;179;"NARVAEZ - O'DONNELL";"11/06/1966";442652.587925004;4474765.865744176;-3.67600515614939;40.42154681140588
16;2130;"LOPEZ DE HOYOS 329 - P.P. - CENTRO DE MAYORES";"24/11/2011";444419.018906257;4479615.178772008;-3.65560826922214;40.46535181201131
16;2266;"GRAN VIA HORTALEZA - ESTIBALIZ";"08/05/2017";444688.403773009;4479807.364533924;-3.65244767565453;40.46710109374751
5;813;"COSTA RICA - PUERTO RICO";"01/01/1978";442824.804053881;4478873.640324764;-3.67434488716145;40.45856351230488
5;814;"COSTA RICA - PARAGUAY - VICTOR SERNA";"01/01/1978";443028.060717226;4478862.13738421;-3.67194672902355;40.45847384824794
10;985;"MAQUEDA 130 P.P.";"28/07/1992";435332.11861564;4471247.853948999;-3.76193378155152;40.38931852881374
12;4762;"PERIANA - RUTILO";"15/12/2014";441634.174518747;4468601.49338927;-3.6874443145471;40.36594401721018
4;273;"CONDE PEÑALVER - HERMOSILLA";"01/01/1968";442687.000581056;4475249.378074135;-3.6756431111478;40.42590490983835
4;860;"GOYA - FUENTE DEL BERRO";"01/01/1978";443085.304052917;4475097.132236293;-3.6709343276095;40.4245607438339
10;1461;"SEPULVEDA - PARQUE CARAMUEL - P.P.";"29/08/1996";438386.704211563;4473248.143313058;-3.72614024413398;40.40756957467657
5;4861;"Pº CASTELLANA 298,P.P";"01/08/2025";441913.926153803;4481181.179842588;-3.68529865772016;40.47928763906162
15;1233;"ARTURO SORIA - ELADIO LOPEZ VILCHES";"30/10/1990";443385.112204734;4480521.178232984;-3.66788384053092;40.47344365678691
9;10;"AV. VALLADOLID 11 - P.P.";"23/10/1948";438312.065811415;4475336.240271208;-3.7272223299975;40.42637451178604
9;572;"AV. VALLADOLID - POLICIA";"07/06/1973";438103.491212441;4475607.433384227;-3.72970737415398;40.42880203688831
9;588;"AV. VALLADOLID - LOECHES";"19/07/1973";437894.648538164;4475930.7717239;-3.73220085280536;40.43169923061968
9;1523;"MARTIN FIERRO - OBISPO TREJO";"06/05/1998";437944.821018002;4476445.777538595;-3.73165966831958;40.43634234800551
12;324;"MARCELO USERA - MANUEL MUÑOZ - OLVIDO";"22/10/1968";440372.080663057;4470862.10061109;-3.70251994142683;40.38621947079172
12;1169;"MARCELO USERA - SAN ANTONIO PADUA";"20/10/1988";440419.922834455;4470894.199534697;-3.70195932010681;40.38651205744819
12;552;"MARCELO USERA - JESUS GRAN PODER";"21/02/1973";440460.813663034;4470929.365315406;-3.70148087427108;40.38683177249992
12;631;"RAFAELA YBARRA - JESUS MONTOYA - P.P.";"22/10/1974";439625.978430663;4470565.955686837;-3.71128161335526;40.38349791320247
12;632;"RAFAELA YBARRA - DOLORES BARRANCO";"22/10/1974";439625.963366225;4470478.247050891;-3.71127348000985;40.38270778806605
12;1666;"DOLORES BARRANCO - ISABELITA USERA";"27/02/2001";439923.917407725;4470515.505909959;-3.70776701664573;40.38306497121282
10;1844;"GRAL. MILLAN ASTRAY - ROMPEDIZO - RODEOS";"15/10/2004";435001.751699628;4469747.859801158;-3.76567290881543;40.37578027074306
7;2228;"ALMAGRO -GRAL. ARRANDO";"07/10/2015";441307.107551369;4475910.876393093;-3.69197015507781;40.43176779644778
3;327;"PL. MARIANO CAVIA";"05/11/1968";442402.133301833;4473203.363060956;-3.67881582300173;40.40745367252588
8;4856;"AV. SANTUARIO DE VALVERDE-MONASTERIO DEL PAULAR";"13/08/2025";440633.635596184;4484077.66080676;-3.7006738024514;40.50528963754743
8;1822;"CNO. DE SANTIAGO - VILORIA DE LA RIOJA";"02/08/2004";443105.367136133;4484270.115204186;-3.67152033078396;40.50719653023191
3;1228;"NARVAEZ - DR. CASTELO";"24/09/1990";442645.659549481;4474632.806223943;-3.67607482152691;40.42034766490593
6;1754;"LOPE HARO - JUAN RISCO";"25/06/2003";440430.132997492;4478743.568379288;-3.70257432068248;40.45722356106618
9;387;"SINESIO DELGADO - DEHESA VILLA";"12/11/1969";438118.794968219;4478671.99892245;-3.72982548918697;40.45640994523614
14;2197;"ARROYO FONTARRON  53 - P.P.";"05/12/2014";444806.016299807;4472664.83972581;-3.65044008773927;40.40276518524708
19;4811;"AV. BLAS DE LEZO - CAÑADA DE VICALVARO A SAN FERNADO";"28/03/2025";453098.679438859;4473275.8641295;-3.55276393200075;40.40877817202294
5;817;"PSO. HABANA - HNOS. PINZON";"01/01/1978";441538.43584777;4477785.461490525;-3.6894155495952;40.44867121622456
6;1070;"AVIADOR ZORITA - HERNANI";"03/03/1983";440769.787924906;4477728.553260786;-3.69847398715559;40.44810415082414
5;1218;"CORAZON MARIA - RAMOS CARRION";"10/08/1990";443463.994054091;4477508.6536046;-3.66668499802362;40.44631078212696
4;22;"PL. INDEPENDENCIA";"01/01/1960";441571.242460705;4474602.680525119;-3.68873608269151;40.42000152907135
1;2268;"SAGASTA -MANUEL SILVELA P.P";"13/06/2017";440814.799597325;4475504.819030955;-3.69773609268322;40.42807495982857
16;4794;"MARÍA DE LAS MERCEDES DE BORBÓN 302 P.P";"27/10/2023";447141.689204932;4483148.52147372;-3.623789298273;40.49735967465764
18;883;"CTRA. VICALVARO A VALLECAS - AV. DEMOCRACIA - ARBOLEDA";"06/07/1978";446911.798963271;4470510.211775368;-3.6254460558525;40.38349182158736
5;4641;"PRINCIPE VERGARA,187 P.P";"14/07/2021";442500.571380981;4477639.239515842;-3.67805696354475;40.44742108659835
5;508;"SERRANO - LEIZARAN";"17/05/1972";442056.495212924;4477778.026102815;-3.6833060032287;40.44864050665421
5;521;"DR. ARCE - LEIZARAN";"03/07/1972";442300.506939832;4477665.440529848;-3.68041842870755;40.44764325586165
5;316;"VELAZQUEZ - DR. ARCE";"13/08/1968";442102.220676746;4477490.22558876;-3.68274057999331;40.44605105221454
5;371;"CONCHA ESPINA - RODRIGUEZ MARIN";"01/08/1969";442442.743253412;4478109.621350817;-3.67878148451521;40.45165450428784
5;1623;"AV. RAMON CAJAL - GUSTAVO FDEZ. BALBUENA";"07/03/2000";443283.351457105;4478193.723094278;-3.66887622200188;40.45246991693317
4;241;"CONDE PEÑALVER - JUAN BRAVO";"07/08/1967";442739.599357231;4475973.153274918;-3.67508827795336;40.43242866504266
4;791;"CONDE PEÑALVER - PADILLA";"01/01/1978";442727.506315486;4475830.682873244;-3.6752180054733;40.43114438757946
4;56;"CONDE PEÑALVER - JOSE ORTEGA GASSET";"01/01/1960";442718.989841067;4475692.53497373;-3.67530595529439;40.42989929529968
4;262;"FRANCISCO SILVELA - AV. TOREROS";"01/01/1968";443012.800853965;4475886.980320305;-3.67185977319865;40.43167113826135
4;274;"FRANCISCO SILVELA - JOSE ORTEGA GASSET";"01/01/1968";443139.375630953;4475670.684608027;-3.67034824793955;40.42973129789753
4;789;"CONDE PEÑALVER - MALDONADO";"01/01/1978";442747.78151434;4476089.37558901;-3.67500228768796;40.43347621703791
1;32;"ALCALA - SEVILLA";"01/01/1960";440655.800847873;4474370.998719516;-3.69950458785702;40.41784964686916
1;525;"GRAN VIA - ISABEL LA CATOLICA-GRAL.MITRE";"21/08/1972";439791.087397493;4474914.943496915;-3.70974793662476;40.42268763585747
1;526;"GRAN VIA - SILVA";"23/08/1972";440022.148861398;4474717.607052566;-3.70700574898361;40.42092662702334
5;1025;"CORAZON MARIA - SANTA HORTENSIA";"23/09/1981";443414.751330261;4477273.51289536;-3.66724469402394;40.44418916793954
5;1026;"CORAZON MARIA - SANTA RITA";"23/09/1981";443435.66741587;4477397.180764096;-3.66700908325156;40.44530465278046
10;731;"HIGUERAS - CEBREROS";"16/06/1977";436760.971597234;4472969.113098205;-3.74527098651706;40.4049340490935
17;708;"PL. CHOZAS CANALES - P.P.";"23/08/1976";441220.767598788;4467035.876471778;-3.69216891194144;40.35181098210474
17;1052;"CTRA. VALLECAS - VILLAJOYOSA - P.P.";"16/03/1982";441345.717912354;4467182.401032848;-3.6907110988237;40.3531397584447
17;4582;"AV. ANDALUCIA - GIGANTES Y CABEZUDOS - P.P.";"28/05/2020";441144.533654525;4467327.931988209;-3.69309349792724;40.35443661527116
7;188;"SANTA ENGRACIA - RIOS ROSAS";"06/09/1966";440483.815703798;4477053.845383832;-3.70178286403482;40.44200566712824
5;853;"MAURICIO LEGENDRE - EMT SALIDA";"01/01/1978";442079.042200014;4481285.816734156;-3.68336031088797;40.48024178467217
5;779;"MAURICIO LEGENDRE - MANUEL CALDEIRO";"01/01/1978";442006.096756572;4480852.759488757;-3.68418126909119;40.47633553507217
5;1147;"MAURICIO LEGENDRE - FRANCISCO PALAU QUER";"09/07/1987";441927.753714103;4480582.195168402;-3.68508068219584;40.47389270472219
20;2250;"AV. HELLIN - ALBERIQUE";"02/11/2016";447780.426566757;4475614.674510088;-3.61563192887196;40.42953101973215
16;1933;"FCO. PI  Y MARGALL - ANA AUSTRIA";"01/03/2006";444019.012603779;4482507.59203221;-3.66058161191652;40.49138113295836
16;2007;"PRINCIPE CARLOS - PINTOR IGNACIO ZULOAGA";"29/05/2007";444714.530452521;4481910.610064319;-3.65232286105317;40.48604986492991
16;1998;"PRINCIPE CARLOS - ALCALDE ALVAREZ DE VILLAAMIL";"07/05/2007";444827.950892813;4482243.333981216;-3.65101363769547;40.4890547398958
16;2009;"FCO. PI  Y MARGALL - VICENTE BLASCO IBAÑEZ";"01/06/2007";444166.550353447;4482383.365010177;-3.65882981536727;40.49027197870591
16;1906;"NICETO ALCALA ZAMORA - MARIA DE PORTUGAL";"17/10/2005";444174.166084588;4483508.08711468;-3.65883905653005;40.50040447414672
16;1932;"NICETO ALCALA ZAMORA - INGENIERO EMILIO HERRERA";"01/03/2006";444946.053099224;4482862.801347044;-3.64967397007094;40.4946430245444
4;165;"VELAZQUEZ - JOSE ORTEGA GASSET";"02/03/1966";442005.4019648;4475743.27280465;-3.68372275788747;40.43030692218304
4;275;"VELAZQUEZ - DON RAMON DE LA CRUZ";"01/01/1968";441996.677596431;4475611.59756921;-3.68381359121727;40.42912011897622
4;160;"VELAZQUEZ - AYALA";"27/01/1966";441985.276139485;4475454.418205339;-3.68393365231477;40.42770337506222
4;277;"VELAZQUEZ - VILLANUEVA";"01/01/1968";441943.605268371;4474858.104750022;-3.68437042678679;40.42232858110434
4;51;"MARIA MOLINA - NUÑEZ BALBOA";"01/01/1960";442178.724479676;4476550.962400757;-3.6817530067272;40.43759504873473
4;276;"PPE. VERGARA - DON RAMON CRUZ";"01/01/1968";442332.652676316;4475588.56952762;-3.67985088529812;40.42893602970117
4;161;"PPE. VERGARA - AYALA";"27/01/1966";442323.337748699;4475427.402964799;-3.67994607128909;40.42748351516609
4;15;"PPE. VERGARA - GOYA";"01/01/1960";442302.590441028;4475154.204385385;-3.68016585068157;40.42502096676117
4;259;"DIEGO LEON - NUÑEZ BALBOA";"01/01/1968";442156.878800534;4476250.757481974;-3.68198323905339;40.43488913888478
6;1632;"AV. ASTURIAS - CAÑAVERAL - MAGNOLIAS";"21/06/2000";441218.528788518;4479934.495942025;-3.69338684250038;40.4680080751982
6;1631;"AV. ASTURIAS - SAN AQUILINO";"21/06/2000";441391.280359278;4479823.179735223;-3.69133892142293;40.46701749834612
6;167;"PSO. CASTELLANA - SINESIO DELGADO";"06/04/1966";441746.211962669;4480610.406803957;-3.68722478283011;40.47413413356939
8;834;"AV. CARDENAL HERRERA ORIA - LA MASO";"01/01/1978";439444.325577354;4481625.08906895;-3.71447526031368;40.48311010889562
10;942;"AV. POBLADOS - PADRE PIQUER";"09/01/1980";434868.04285936;4471368.157910611;-3.76741348117723;40.39036611783937
10;1383;"AV. POBLADOS - GUAREÑA";"01/12/1993";434989.265485059;4471233.456361151;-3.76597155542073;40.3891621436164
10;1442;"AV. POBLADOS - BOMBEROS";"21/12/1995";435117.848124686;4471089.678605307;-3.76444204809656;40.38787696190546
10;450;"AV. POBLADOS - AV. LAS AGUILAS";"09/07/1971";435352.126294161;4470824.92768477;-3.7616551454477;40.38551019269308
11;1009;"MARQUES JURA REAL - BALEARES";"19/05/1981";439521.783168053;4471362.02953006;-3.71258465116292;40.39066178816251
12;1114;"SANTA MARIA CABEZA - BOMBEROS";"11/03/1986";440059.221891098;4471597.024646472;-3.70627485372867;40.3928175898069
12;1645;"MIRASIERRA - CUESTA";"25/09/2000";439987.331960011;4471296.405789446;-3.70709353642806;40.39010428696592
12;922;"ANTONIO LOPEZ - SAN GRACIANO";"04/05/1979";440236.980808295;4471522.834217351;-3.70417353033688;40.39216201805227
7;2220;"PSO. CASTELLANA - PEDRO DE VALDIVIA - P.P.";"22/07/2015";441419.637548644;4476748.675556252;-3.69072078421279;40.43932301523556
6;1067;"ORENSE - REINA MERCEDES";"23/11/1982";441053.823690485;4478027.003616491;-3.69515242440041;40.4508129108242
15;1665;"GRAL. ARANAZ 66 - P.P.";"22/02/2001";445470.914460481;4477457.945286136;-3.64301603841436;40.44598803195865
11;1346;"AV. POBLADOS - CENTRO DE INTERNAMIENTO";"11/11/1992";435676.559609365;4470447.368129521;-3.75779500381474;40.38213409129288
16;1292;"AV. ANDES - AV. MACHUPICHU";"29/11/1991";447200.487701081;4478382.591411127;-3.62269866585082;40.45442941184378
16;1509;"AV. ANDES - HIPERCOR";"10/12/1997";447588.658258207;4478683.469402044;-3.61814581410692;40.45716446020933
18;2064;"AV. ENSANCHE VALLECAS - BARRANCO NOVILLO - P.P.";"29/10/2008";447728.91477607;4469429.396759759;-3.61573128252853;40.37380675715261
5;519;"PPE. VERGARA - MARIA FRANCISCA";"01/07/1972";442466.472593476;4477283.364989306;-3.67842680825495;40.44421284106291
5;1093;"SERRANO - GUADIANA - ORIA";"23/03/1984";441997.983193633;4477668.255836322;-3.68398594164168;40.44764756509295
5;314;"PL. REPUBLICA ARGENTINA";"01/08/1968";441865.60785123;4477394.570120551;-3.68552181509828;40.44517283187241
5;61;"SERRANO - JORGE MANRIQUE";"01/01/1960";441835.759489255;4477134.357861422;-3.68584993708776;40.44282663176905
5;777;"SERRANO - PABLO ARANDA";"01/01/1978";441830.38200187;4477045.490602382;-3.68590520469693;40.44202569796937
5;810;"ALBERTO ALCOCER - DR. FLEMING";"01/01/1978";441661.040430378;4478921.284655224;-3.68807418428783;40.45891182816131
5;811;"ALBERTO ALCOCER - JUAN RAMON JIMENEZ";"01/01/1978";441770.35303703;4478916.752653635;-3.68678457772441;40.45887866891272
9;195;"GTA. CARDENAL CISNEROS";"01/10/1966";438383.815021581;4476831.588725355;-3.72652153171449;40.43985052725314
6;394;"AV. REINA VICTORIA - AV. PABLO IGLESIAS";"10/12/1969";439919.182737931;4477628.95266601;-3.70849462873872;40.44714586716746
9;365;"PSO. FLORIDA - MAESTRO SOROZABAL - 35 Y 41 - P.P.";"04/07/1969";438677.261189325;4474918.28383784;-3.72287715752287;40.42263638288606
9;352;"GTA. SAN ANTONIO FLORIDA";"20/05/1969";438411.904909536;4475218.588140771;-3.72603404700044;40.42532204978981
8;833;"AV. CARDENAL HERRERA ORIA - ISLA DE AROSA";"01/01/1978";439182.250488475;4481541.253679948;-3.71755912088992;40.48233573572581
4;14;"VELAZQUEZ - GOYA";"01/01/1960";441966.717839316;4475178.393925414;-3.68412722540469;40.42521551773781
8;2234;"MARIA DE MAEZTU - TERESA CLARAMUNT";"25/04/2018";438494.994689739;4482620.675912145;-3.72577184574458;40.49200889052063
5;4655;"JOAQUIN COSTA 53,P.P";"07/02/2022";442182.220206123;4476992.505997889;-3.68175197300254;40.44157292730841
10;4844;"GRAL. MILLÁN ASTRAY-SOLEDAD CAZORLA";"11/06/2025";435022.519286229;4469549.526319511;-3.76540807183481;40.37399522041898
10;1038;"RAFAEL FINAT - AV. LAS AGUILAS";"30/11/1981";435101.880972325;4470682.04694466;-3.76458863204328;40.38420361065598
10;1424;"GUAREÑA - LUIS CHAMIZO - ONIL";"05/07/1995";435027.687682467;4470976.766251013;-3.76549271309173;40.38685277627756
11;4757;"JOAQUIN TURINA - MADRE CELESTE";"25/05/2023";435758.607840065;4469310.121291449;-3.75671384603531;40.37189561626969
15;336;"ALCALA - PTE. VENTAS";"21/12/1968";443955.568623429;4475840.204305046;-3.66074144313724;40.43131381184141
1;764;"ATOCHA - SANTA INES";"07/11/1977";441014.00539657;4473543.695779927;-3.69520593103524;40.41042236207246
9;748;"ARRIAZA - IRUN";"16/09/1977";439224.282805738;4474832.33089186;-3.71642109020567;40.42190221714613
11;639;"PTE. PRAGA - M-30 EXTERIOR ENTRADA";"11/11/1974";440118.631735601;4471717.016217978;-3.70558616794587;40.39390280765012
1;383;"ATOCHA - PL. ANTON MARTIN";"10/10/1969";440652.280091719;4473785.131210132;-3.69949142699372;40.41257161903701
1;385;"ATOCHA 75 P.P - FERNAN NUÑEZ";"27/10/1969";440744.826395499;4473719.963144894;-3.69839465380522;40.41199114684881
1;381;"ATOCHA - SAN EUGENIO";"16/09/1969";440841.37728556;4473654.365284063;-3.69725066420157;40.41140707685305
10;1614;"RAFAEL FINAT - JOSE CADALSO";"31/01/2000";434637.505571023;4470154.529236104;-3.77000503179864;40.37941522408509
16;587;"AV. SAN LUIS 23 - P.P.";"17/07/1973";444498.043860308;4480315.937793748;-3.65473748812297;40.47166987000387
16;1303;"CRTA. ESTACION HORTALEZA - AV. SAN LUIS";"11/02/1992";444204.974734655;4480235.497866617;-3.65818743267761;40.47092559460019
16;1774;"MAR DE LAS ANTILLAS - ABARZUZA - P.P.";"28/01/2004";445037.718577197;4480868.473322861;-3.64841940052699;40.47668326352974
16;1302;"CRTA. ESTACION HORTALEZA - DOÑA GUIOMAR";"27/01/1992";444540.920062482;4480888.513016003;-3.65428178947006;40.47683076272912
16;1284;"CRTA. ESTACION HORTALEZA 11 - P.P.";"26/09/1991";444690.201542808;4481092.548619543;-3.65253853682062;40.4786787673193
13;4798;"LEON FELIPE - CEIP LA RIOJA";"01/12/2023";445924.105494574;4471021.41106468;-3.63712504808314;40.38803351534169
20;1189;"AV. ARCENTALES - SAN ROMUALDO";"28/02/1990";447467.41192627;4476086.652374218;-3.61936095537074;40.43376317162922
20;1736;"MIGUEL YUSTE - ALBASANZ";"21/11/2002";447052.03555374;4476595.078442208;-3.62430034450771;40.43831703224198
16;4778;"GLORIETA DE ANTONIO VALDÉS GONZÁLEZ - ROLDÁN";"26/09/2023";448438.420484835;4482057.54029884;-3.60839842393857;40.48761312619687
4;49;"SERRANO - MARIA MOLINA";"01/01/1960";441800.428293273;4476575.014287814;-3.68621528204971;40.43778533086819
4;867;"JORGE JUAN - MAIQUEZ - LOMBIA";"01/01/1978";442931.888376141;4474949.117242585;-3.67272945362101;40.42321683903938
4;440;"GOYA - DR. ESQUERDO";"30/03/1971";443269.79490906;4475082.572506468;-3.66875831366216;40.42444218228307
4;212;"NARVAEZ - FELIPE II";"08/03/1967";442670.257768924;4475040.4790902;-3.67582163775338;40.42402188740728
4;866;"NARVAEZ - JORGE JUAN";"01/01/1978";442668.076648971;4474968.86367506;-3.67584089069445;40.423376588698
4;1372;"NARVAEZ - DUQUE DE SESTO";"11/05/1993";442661.064626826;4474870.759660803;-3.6759146982786;40.42249233408066
4;159;"PPE. VERGARA - JORGE JUAN";"15/01/1966";442289.7572928;4474995.521659897;-3.68030272185067;40.42359058272708
4;2226;"O'DONNELL - ANTONIO ACUÑA";"01/01/1960";442405.093489796;4474783.771450791;-3.67892402190138;40.421691020928
3;849;"MENENDEZ PELAYO - DR. CASTELO";"01/01/1978";442353.17315432;4474647.814180762;-3.67952368961602;40.42046265298332
3;847;"MENENDEZ PELAYO - MENORCA";"01/01/1978";442373.510274332;4474546.490375309;-3.67927479669152;40.41955128486291
3;852;"ALC. SAINZ BARANDA - MENENDEZ PELAYO";"01/01/1978";442454.638950388;4474267.252107338;-3.67829328838668;40.4170413764366
6;109;"PSO. CASTELLANA - ALBERTO ALCOCER";"30/12/1963";441490.959547103;4478931.493348748;-3.69008099278995;40.45899183469838
6;110;"PSO. CASTELLANA - GRAL. PERON";"30/12/1963";441433.891849404;4478165.447365374;-3.69068335856019;40.45208693881291
6;59;"PSO. CASTELLANA - RAIMUNDO FERNANDEZ";"01/01/1960";441376.362955102;4477495.860647311;-3.69129995187276;40.44605094853455
7;219;"PSO. CASTELLANA - NUEVOS MINISTERIOS";"24/04/1967";441332.664653308;4477211.053941833;-3.69178890900038;40.44348219895679
9;978;"AV. COMPLUTENSE - PARANINFO - ANTONIO NOVAIS";"17/10/1980";438266.419769109;4477765.274525561;-3.7279963829319;40.44825281749159
5;238;"LOPEZ HOYOS - ALFONSO XIII";"01/08/1967";443486.333203802;4477818.074110794;-3.66644912023128;40.44909971348037
5;1117;"CORAZON MARIA - CANILLAS";"22/04/1986";443410.232487997;4477163.945089592;-3.66728821515805;40.44320181904556
10;1355;"CJAL. FRANCISCO JOSE JIMENEZ M. - SEPULVEDA";"22/12/1992";435944.568227849;4472459.140141113;-3.75484018222024;40.40027760228769
4;163;"VELAZQUEZ - JORGE JUAN";"15/02/1966";441953.884717969;4475018.970852986;-3.68426394502614;40.42377846033342
17;891;"VILLALONSO - VIEJA PINTO P.P.";"06/11/1978";439752.2205833;4466781.13110057;-3.70943684894792;40.34941131379844
17;1401;"VILLALONSO - ARROYO BUENO - P.P.";"08/02/1995";439621.758358397;4466769.285074316;-3.71097185071375;40.34929516560277
10;935;"CAMARENA 57 - COLEGIO - P.P.";"17/12/1979";435880.362003772;4471881.147310213;-3.75553852942408;40.39506587192423
10;939;"SESEÑA - VALMOJADO";"02/01/1980";435721.167140805;4472147.072026752;-3.75744105398125;40.39744915572447
10;928;"SESEÑA, 28 - P.P.";"23/10/1979";435442.306440617;4472284.577067913;-3.76074072708334;40.39866628368223
10;1663;"SESEÑA - ESCALONA";"25/01/2001";435339.047164997;4472263.849396763;-3.76195531590876;40.39847154953618
15;643;"ASCAO - LUIS RUIZ";"13/12/1974";445831.325075679;4475813.422138824;-3.63862606757164;40.43119681243656
2;1119;"MENDEZ ALVARO - AV. PLANETARIO-EROS";"05/05/1986";442261.057468436;4471806.565044413;-3.68035166040588;40.39486078918922
6;1480;"FRANCOS RODRIGUEZ - NUMANCIA";"21/01/1997";439820.172375554;4478738.228107702;-3.70976724373336;40.45713150738142
6;562;"SAN RESTITUTO - VILLAAMIL";"19/04/1973";439860.816625753;4479530.345650719;-3.70936297224285;40.46427015466897
6;1120;"VILLAAMIL - CNO. CHORRILLO";"14/05/1986";439768.506011258;4479700.840934247;-3.71046791266961;40.46579935448673
6;1135;"OFELIA NIETO - PSO. DIRECCION";"13/02/1987";440044.379533351;4479435.916063365;-3.70718901779771;40.46343276277504
9;1281;"AV. SANTO ANGEL GUARDA - TRV. SANCHEZ P.";"17/09/1991";439602.486601098;4479077.684859643;-3.71236676449171;40.46017367366771
9;1659;"ARQUITECTO SANCHEZ ARCAS - VALS FERRERA";"21/12/2000";439359.502980979;4478401.671694171;-3.71516787951928;40.45406618967584
4;154;"SERRANO - AYALA";"04/01/1966";441691.620036324;4475479.513335707;-3.68739762031058;40.42790891352031
16;2119;"INGENIERO EMILIO HERRERA - PRINCESA DE EBOLI - P.P.";"04/01/2011";444545.042340092;4482386.146443967;-3.65436416389475;40.4903224074174
20;1181;"SAN ROMUALDO - ALBASANZ";"10/11/1989";447259.721713294;4476667.447288149;-3.62185769679106;40.43898217086804
16;4777;"MANUEL FRAGA IRIBARNE - FERNANDO HIGUERAS - P.P";"26/09/2023";448434.983349559;4481893.70351737;-3.60842564964558;40.48613698356347
16;4776;"MANUEL FRAGA IRIBARNE - JOSÉ ANTONIO CORRALES";"26/09/2023";448433.537194779;4481766.271671319;-3.60843234575839;40.48498891941846
21;4827;"JUAN ANTONIO SAMARANCH-JOSE ANTONIO CORRALES-P.P.";"10/04/2025";447812.67965644;4481742.49188251;-3.61575548282084;40.48473590415632
20;2016;"ARRASTARIA - SAMANIEGO";"20/07/2007";450304.277305988;4477510.015800987;-3.58602726072449;40.44676008775782
18;1751;"GONZALEZ DAVILA - GAMONAL";"23/06/2003";445824.039489384;4469508.705600283;-3.63817535219916;40.37439958334586
18;1750;"GONZALEZ DAVILA - CRA. VILLAVERDE - P.P.";"23/06/2003";445881.409880962;4469378.631604084;-3.63748854412201;40.37323151806093
13;4652;"AV. DEMOCRACIA 19 - P.P.";"17/03/2022";447163.696611696;4471152.55982121;-3.62253182546333;40.38929453310705
7;285;"EDUARDO DATO - ZURBANO";"01/03/1968";441190.51142943;4476035.304184248;-3.69335620310419;40.43288046456706
7;214;"PL. RUBEN DARIO";"08/04/1967";441361.603168154;4476045.21135459;-3.69134010734978;40.43298179256627
2;1244;"EMBAJADORES - BOLIVAR";"17/01/1991";441165.016479249;4471467.76564563;-3.6932343829612;40.39173200016945
18;538;"SAN JAIME - PUERTO PILAS";"15/11/1972";446725.403588387;4470045.895162933;-3.62760308451215;40.37929705104708
18;568;"CRA. VILLAVERDE - GTA. VALDEPERDICES";"09/05/1973";446495.671339589;4469782.676878425;-3.63028719986409;40.37691108667752
18;4647;"STA. EUGENIA - FUENTESPINA";"12/11/2021";448330.275322778;4470009.36248521;-3.60869490690031;40.37906899495542
8;4837;"MONFORTE DE LEMOS 183, P.P";"27/03/2025";439158.572081486;4480897.3270181;-3.71777668515426;40.47653328704406
9;999;"PSO. PTOR. ROSALES - QUINTANA- BUEN SUCESO";"07/04/1981";438912.244093392;4475432.616714257;-3.72015678402279;40.42728699786128
9;1068;"PSO. PTOR. ROSALES - REY FRANCISCO";"18/01/1983";439036.792491002;4475264.714742163;-3.71867250668681;40.42578360154808
1;1903;"CRA. SAN JERONIMO - CEDACEROS";"28/09/2005";440739.174318957;4474228.028326227;-3.69850859358811;40.41656764211793
8;1194;"MONFORTE LEMOS - PUENTECESURES";"20/03/1990";440949.863430196;4481225.917587202;-3.69667603048087;40.47962265842989
8;1708;"PEDRO RICO - PTE. BEGOÑA";"05/03/2002";441567.068830066;4481634.919259164;-3.68943241209728;40.48335076914504
8;1122;"PTE. BEGOÑA - SAN MODESTO";"22/05/1986";441578.645046619;4481755.192652594;-3.68930692095488;40.48443505387154
